Date,SPX241220C00200000,SPX241220C00400000,SPX241220C00500000,SPX241220C00600000,SPX241220C00800000,SPX241220C01000000,SPX241220C01400000,SPX241220C01600000,SPX241220C01800000,SPX241220C02000000,SPX241220C02200000,SPX241220C02400000,SPX241220C02600000,SPX241220C02800000,SPX241220C03000000,SPX241220C03100000,SPX241220C03200000,SPX241220C03300000,SPX241220C03400000,SPX241220C03500000,SPX241220C03550000,SPX241220C03600000,SPX241220C03700000,SPX241220C03800000,SPX241220C03825000,SPX241220C03900000,SPX241220C04000000,SPX241220C04025000,SPX241220C04050000,SPX241220C04100000,SPX241220C04150000,SPX241220C04200000,SPX241220C04300000,SPX241220C04350000,SPX241220C04400000,SPX241220C04500000,SPX241220C04550000,SPX241220C04600000,SPX241220C04625000,SPX241220C04650000,SPX241220C04700000,SPX241220C04725000,SPX241220C04750000,SPX241220C04775000,SPX241220C04800000,SPX241220C04825000,SPX241220C04850000,SPX241220C04875000,SPX241220C04900000,SPX241220C04925000,SPX241220C04950000,SPX241220C04975000,SPX241220C05000000,SPX241220C05025000,SPX241220C05050000,SPX241220C05075000,SPX241220C05100000,SPX241220C05125000,SPX241220C05150000,SPX241220C05175000,SPX241220C05200000,SPX241220C05225000,SPX241220C05250000,SPX241220C05275000,SPX241220C05300000,SPX241220C05325000,SPX241220C05350000,SPX241220C05375000,SPX241220C05400000,SPX241220C05425000,SPX241220C05450000,SPX241220C05475000,SPX241220C05500000,SPX241220C05525000,SPX241220C05550000,SPX241220C05575000,SPX241220C05600000,SPX241220C05625000,SPX241220C05650000,SPX241220C05675000,SPX241220C05700000,SPX241220C05725000,SPX241220C05750000,SPX241220C05775000,SPX241220C05800000,SPX241220C05825000,SPX241220C05850000,SPX241220C05875000,SPX241220C05900000,SPX241220C05925000,SPX241220C05950000,SPX241220C05975000,SPX241220C06000000,SPX241220C06025000,SPX241220C06050000,SPX241220C06075000,SPX241220C06100000,SPX241220C06125000,SPX241220C06150000,SPX241220C06175000,SPX241220C06200000,SPX241220C06225000,SPX241220C06250000,SPX241220C06275000,SPX241220C06300000,SPX241220C06325000,SPX241220C06350000,SPX241220C06375000,SPX241220C06400000,SPX241220C06425000,SPX241220C06450000,SPX241220C06475000,SPX241220C06500000,SPX241220C06525000,SPX241220C06550000,SPX241220C06575000,SPX241220C06600000,SPX241220C06650000,SPX241220C06700000,SPX241220C06750000,SPX241220C06800000,SPX241220C06850000,SPX241220C06900000,SPX241220C07000000,SPX241220C07100000,SPX241220C07200000,SPX241220C07300000,SPX241220C07400000,SPX241220C07600000,SPX241220C07800000,SPX241220C08000000,SPX241220C08200000,SPX241220C08400000,SPX241220C08600000,SPX241220C08800000,SPX241220C09000000,SPX241220C09200000,SPX241220C09400000,SPX241220C10000000
2024-06-25,5245.7,,,,,,,,,,,,,,,,,,,,,,,1752.22,,,1568.49,,,,,,1270.54,,,1085.57,,986.95,,,905.74,,,,818.81,,,,734.88,,671.65,,643.99,,589.69,,558.9,524.3,513.16,,471.5,,,,400.4,,,,327.26,307.6,287.86,265.2,260.93,239.75,,,198.9,182.75,169.7,158.1,146.07,131.9,123.17,,102.42,93.65,85.1,78.0,67.85,63.57,,,46.8,,,,30.25,,,,19.35,,,,12.0,,,,7.6,,,,5.1,,,,3.5,,,,,,,,,,,,,,,,,,,,0.05,,
2024-08-08,5076.91,4884.9,,,,,,,,3334.96,,,,,,,,,,1882.5,,,,,,,1384.43,,,,,,,,1014.35,923.89,,785.43,,774.52,761.45,,683.7,704.85,683.6,,618.06,,582.03,,556.26,,504.8,,475.17,447.74,433.7,,399.12,356.4,352.8,,,303.4,289.5,270.46,260.68,225.63,224.0,214.72,187.38,183.5,161.14,155.43,139.9,124.2,122.66,88.95,100.9,93.4,84.89,,68.55,61.1,54.1,48.59,43.55,37.8,34.15,30.09,23.73,,20.0,,15.9,,13.0,,,,7.2,,,,4.91,,,,3.4,,,,2.3,,,,1.8,,1.37,,1.15,,,0.77,,,,,,,,0.06,,,0.01,0.01,0.01,,
2024-08-09,5116.75,,,,,,,,,,,,,,,,,,,,,,,,,,1419.0,,,,,,1137.07,,,949.94,,,,,,,,,668.95,,,,,,543.77,540.0,512.49,,477.57,,435.38,,390.81,,360.59,330.9,324.36,303.5,289.35,271.3,256.37,234.83,221.56,206.98,194.6,180.0,164.96,148.93,,128.72,117.8,,96.3,84.2,78.08,,62.45,,49.25,,38.5,36.9,32.9,,,,17.4,,13.5,,10.27,,,,6.49,,,,4.7,,,,2.93,,,,2.1,,,,1.45,,1.2,,0.95,,,,,,,,,,,,,,,0.05,,,
2024-08-12,5124.7,,,,,,,,,,,,,,,,,,,,,,,,,,1412.0,,,,,,,,,942.46,,,,,768.99,,,,672.8,,,,,,,541.83,509.08,500.37,470.09,,426.3,,,,353.97,,,,282.72,276.2,250.3,226.0,218.77,200.57,186.7,169.0,158.2,144.5,133.0,123.54,111.9,,89.7,83.0,74.25,69.4,58.8,52.5,46.47,41.01,36.37,33.3,27.87,,,,15.91,,,,9.4,,,,5.2,,,,3.5,,,,,,,,,,,,1.25,,,,,,,,,,,,,,,,,,,,,,
2024-08-16,5340.12,5143.82,,,,,,,,,,3180.95,,,,,,,,2102.5,,,,,,,1622.6,,,,,,,,,1140.49,,,,,,,,,855.6,,,,,,,,676.63,,,,592.0,,,,500.92,,460.59,,422.1,,,,,,302.3,268.9,266.51,235.19,228.54,,200.0,182.4,170.35,153.0,142.5,,120.02,,96.68,85.5,78.8,69.7,60.05,,48.03,,36.6,,26.29,,21.23,,,,12.5,,,,7.2,,,,4.81,,,,3.19,,,,2.15,,,,1.25,,,0.7,,,,,,0.3,,,,,,,,,
2024-08-19,5371.27,5174.92,,,,4594.26,,,,3612.76,,,,,,,,,,,,,,,,,1668.22,,,,,,,,,,,1072.63,,,,,,,,,815.0,,,,,,719.12,,,,,,,554.3,,,489.62,468.85,445.6,,,380.34,366.02,343.99,327.32,300.33,290.4,271.82,237.0,233.08,227.5,194.83,175.9,170.3,165.8,146.57,139.69,,114.32,102.5,92.25,83.37,75.17,65.55,58.4,,45.2,,34.57,,26.17,,,,14.9,,,,8.4,,6.4,,5.0,,,,3.4,,,,2.45,,,,1.36,,1.02,0.9,,0.59,,,,0.3,,,,,,,,,
2024-08-21,5386.96,,,,4797.31,4613.19,,,,3631.64,,,,,,,,,,2166.0,,,,,,,1683.7,,,,,,,,,,,,,,,,,,913.68,,,,,,,,735.32,,,,649.25,,,,560.39,,507.05,497.3,,,,,392.5,,,,315.89,,263.6,258.35,238.54,,207.95,190.6,175.0,162.7,153.2,135.5,125.3,117.54,100.7,92.0,80.23,72.58,65.65,,50.5,,38.1,,31.4,,22.84,,16.9,,13.0,,10.08,,7.5,,6.6,,,,4.01,,,,3.08,,,,,,1.25,,,,,,,0.35,,,,,,,,,
2024-09-16,5422.58,,,,,,,,,,,,,,,,,,,,,,,,,,1679.75,,,,,,,,,,,,,,,,,,,,,,,,,,729.17,,685.0,,615.13,,,,549.21,,492.5,470.0,464.91,432.4,409.4,401.33,381.45,349.6,330.33,315.29,303.44,277.7,259.52,,234.1,212.9,197.3,175.66,168.04,144.25,138.89,125.51,115.6,,,80.64,70.9,62.66,54.48,,42.2,34.25,29.6,26.67,21.72,19.53,16.8,,12.2,10.07,8.7,8.3,6.35,,5.0,,,,,,2.5,,,,,,,,,,,,,,,,,,,,,,,,,,
2024-09-18,5426.22,,,,,,,,,3645.42,,,,,,,,,,2205.0,,,,,,,1700.0,,,,,,,,,1199.2,,,,,1017.26,,,,922.64,,,,,,779.73,,732.31,720.2,,,644.23,,,,546.5,,,,460.1,441.9,,,381.39,,336.72,317.19,289.9,,260.44,,225.38,209.57,197.1,185.1,156.95,166.0,147.06,127.9,110.0,110.5,92.0,86.97,78.42,70.41,60.77,,41.7,40.6,32.25,27.19,22.6,20.55,17.0,15.4,11.95,11.9,10.5,,7.1,6.6,,5.0,4.5,,3.7,,3.05,,,,2.25,,,,,,0.97,0.75,,,,,,,,,,0.12,,,,,
2024-09-19,5507.7,5318.53,,5120.12,,,,,,3733.75,,,,,2748.73,,,,,2250.0,,,,,,,1763.77,,,1653.47,,,,,,,,1183.45,,,1090.14,,,,999.8,,,,,,851.93,,798.78,,750.4,,694.79,675.4,,,627.58,601.22,,,538.34,517.2,486.2,,431.67,427.45,401.83,,375.0,,322.94,,283.3,274.09,251.99,230.62,210.13,197.52,174.8,159.0,155.05,145.57,117.3,119.59,94.99,96.69,80.8,,59.05,51.54,46.25,41.3,40.41,29.2,30.4,24.21,23.01,19.8,14.65,12.7,10.75,,8.5,8.02,6.45,,4.7,5.2,4.7,,,,3.3,,2.1,,1.6,,1.27,1.02,,0.65,,0.6,,,,,,,,,,,
2024-09-20,5497.79,,,,,4704.13,,4111.15,,,,,,2928.75,2726.6,,,,,,,,,,,,1750.0,,,,,,,,,1248.34,,1161.21,,,1068.31,,,,983.53,,,,,,,,792.0,,737.79,,702.0,,,,599.78,,,,502.6,,,450.53,,,378.41,364.81,332.0,328.48,,,266.89,242.6,237.21,201.2,201.42,186.8,160.9,151.06,135.94,125.6,113.27,95.9,85.3,79.6,66.8,,52.55,47.5,41.3,35.8,31.0,26.19,22.25,19.5,16.8,14.71,12.6,10.6,9.0,,,6.72,5.55,,,,3.6,,2.9,,,,,,,,,0.8,,,,,,,,,,,,,,,0.05
2024-09-26,5525.44,,,,,,,,,,,,,2957.04,,,,,,,,,,,,,1788.0,,,,,,1483.72,,,,,,,,,,,,1000.34,,,,912.79,,,,819.69,,,,717.0,,,,650.0,,,566.9,549.9,,,,467.09,,407.14,402.11,373.7,,329.5,,292.8,283.9,253.84,233.42,219.5,209.82,181.8,173.29,154.5,136.3,125.8,114.2,101.45,89.94,79.5,,62.2,57.9,46.5,,33.4,,25.8,23.22,18.8,,12.81,11.35,9.9,8.2,7.01,,5.5,,4.66,,3.3,,,,2.25,,1.67,,1.15,,,0.65,,,,,,,0.1,,,,,,,,
2024-10-07,5486.35,,,,,4727.01,,,,3733.88,,,,,2746.36,,,,,,,,,,,,,,,,,1570.5,,,,,,,,,,,,,,,,,,,,,803.49,,,709.91,685.0,,,,,,545.9,527.7,506.43,,473.07,,428.21,,403.06,,338.34,346.45,325.39,300.14,270.25,246.31,231.66,212.8,195.35,180.9,165.0,149.0,135.56,130.2,107.0,108.7,84.3,75.9,65.0,,50.7,40.21,34.75,29.8,24.3,20.35,16.8,14.97,11.9,11.81,8.9,,6.0,6.44,5.3,,3.2,,,2.45,2.23,,,,1.44,,,,0.8,,,0.45,,,,,,,,,,,,,,,
2024-10-10,5570.4,,,,,,,,,,,,,,,,,,,,,,,,,,1809.74,,,,,1613.63,1515.77,,,,,,,,1144.9,,,,,,,,,,,,860.21,,,,,723.53,,,660.93,,,586.33,,,525.55,,,454.26,434.64,,392.16,,352.23,339.93,314.82,,,,241.83,,201.0,183.27,170.08,156.5,141.05,128.0,108.13,104.64,87.4,,67.3,55.8,48.0,41.63,35.41,34.3,25.05,22.6,18.06,15.18,13.93,,9.6,7.6,6.6,6.14,4.91,4.24,3.68,,2.88,,2.32,,1.87,,,,0.95,,,,,,,,,,,,,,,0.05,,,
2024-10-15,5657.9,,,,,,,,,,,,,,,,,,,,,,,,,,1872.84,,,,,,,,,,,,,,,,,,,,,,,,,,874.0,,,851.0,799.0,803.15,,,698.9,,656.38,,613.14,,575.49,,499.53,,468.03,,416.8,395.55,374.91,,337.39,,307.56,295.6,251.53,,232.96,213.2,183.7,167.2,152.74,137.7,122.77,109.0,97.25,93.15,75.1,73.4,58.4,49.28,42.8,41.38,31.93,27.99,25.3,18.97,16.6,14.15,11.6,11.5,8.6,9.85,6.25,6.1,5.2,5.19,,,3.6,,2.15,,,,,,,0.67,,0.45,,,,,,,,,,,,,
2024-10-17,5639.81,,,,,4847.03,,,,,,,,,,,,,,2373.26,,,,,,2005.57,1880.38,,,,,,,,1486.4,,,,1273.5,,,,,,,,,1028.72,,,,931.0,900.86,,,,,,,,,690.37,,,,,577.35,565.22,524.5,515.3,484.47,,448.14,417.2,,,349.73,,326.27,292.22,286.5,,231.6,217.25,194.0,178.12,160.86,158.67,144.0,116.4,102.18,101.9,78.09,71.75,60.3,59.34,43.74,43.88,31.7,28.76,26.6,21.8,15.2,12.5,13.2,,8.4,6.06,5.5,5.0,,,,,3.1,,2.07,,,,,,,0.55,,,,,,,,,0.1,,,,0.05,,
2024-10-18,5662.29,,,,5067.69,,,,,,,,,,,,,,,,,,,,,,1900.44,,,,,,,,,1405.0,,1304.9,,,1207.0,,,,1109.1,,1054.09,,,,,,916.58,,,,818.55,,774.53,,727.72,,665.44,,629.5,610.0,585.45,558.43,,515.53,494.2,474.8,449.9,,396.87,,360.98,,319.03,,280.0,,243.2,216.85,203.3,183.37,167.29,152.5,135.9,124.62,106.1,93.41,83.58,72.16,61.37,53.2,45.0,40.38,32.3,26.8,22.65,18.9,16.85,13.0,11.1,9.43,7.9,6.5,5.28,4.6,4.0,3.45,2.95,,2.25,,1.75,,,,0.91,,,,0.41,0.45,,0.35,,,,0.1,,,,0.03,,,
2024-10-21,5637.84,,,,,,,,,,,,3259.04,,,,,,,2370.45,,,,,,,1856.49,,,,,,,,,,,1297.8,,,1197.4,1163.5,,,1099.8,,,,,,,,895.37,871.0,,,,,,,708.23,,,,609.5,607.02,568.59,,503.19,,,,431.79,409.0,,,347.06,,300.15,,260.43,,232.05,205.22,193.0,164.64,157.0,132.13,129.7,111.4,97.39,93.64,78.3,66.02,56.3,48.9,39.13,32.93,27.52,23.8,19.49,16.15,13.1,11.4,9.2,,6.0,5.1,4.2,,,,2.37,,1.91,,1.45,,0.97,,0.9,,,0.49,,,,,,,,,,,,,,,
2024-10-22,5646.52,,,,,,,,,,,,,,,,,,,,,,,,,,1861.7,,,,,,1562.05,,,,,1290.3,,,1191.7,,,,1092.9,,,,,,,,903.0,,,,,,,,,,,647.66,618.15,,,529.18,505.76,,481.94,,424.86,,373.91,,350.31,,296.74,290.74,270.22,237.99,228.04,217.28,191.4,165.5,155.6,144.8,128.8,114.55,98.14,,73.18,61.78,56.41,47.7,38.5,32.3,28.95,23.55,19.46,16.25,12.2,10.91,9.2,,,,,,,,2.3,,1.8,,1.41,,,,,,,0.47,,0.3,,,,,,,,,,,,,
2024-11-01,5529.92,,,,,4736.9,,,,,,,,,,,,,,2262.28,,2163.33,,,,,1757.78,,,,,1552.92,,,,,,1157.1,,,1066.7,,,,977.7,,,,,,858.24,,780.03,786.45,,,,,,,604.12,,546.03,,529.52,,456.97,,420.2,,377.9,374.65,324.91,315.41,290.29,,251.96,,210.48,,180.41,,145.4,130.05,116.2,107.37,88.6,78.5,69.02,58.6,50.05,42.77,38.04,28.82,24.2,20.0,15.74,13.85,11.1,9.45,7.1,6.86,5.1,4.1,3.4,3.08,2.87,,1.8,,1.62,,1.4,,,,0.95,,0.7,,0.6,,0.5,0.34,,,,,0.2,,,,,0.07,,,,,
2024-11-12,5784.0,,,,,4984.8,,,,,,,,,,,2810.96,,,,,,,,,,2010.0,,,,,1801.42,1711.46,,1617.02,1511.44,,1409.4,,,1306.6,1295.0,,,1207.1,,,,1110.77,,,,1016.54,,,,918.29,,,858.3,833.39,,,,721.68,,676.18,,631.33,,,,518.74,,,464.67,439.1,409.84,364.5,360.48,345.71,301.83,285.06,266.8,249.0,233.83,213.8,190.07,169.9,157.05,134.5,104.36,99.65,85.17,72.13,61.6,50.4,41.9,34.0,29.4,22.84,19.0,14.16,11.9,9.0,7.1,5.17,4.3,3.1,2.45,2.02,,1.63,,,,0.9,,0.6,0.52,0.45,0.4,0.3,0.35,,,,,,,,,,,,,,,
2024-11-13,5789.23,,,,,,,,,4000.0,,,,,,,,,,,,,,,,,2015.0,,,,,,,,,1505.5,,1407.0,,,1313.6,,1258.64,,1213.2,,,,1100.58,,,,1027.09,,,,,,,,832.0,,769.6,,,,,,622.0,,587.66,,530.0,,482.44,,444.59,411.24,384.42,,325.91,,291.21,277.4,248.9,234.9,207.5,191.3,164.9,146.9,137.57,121.46,98.92,87.2,71.9,57.9,48.5,37.52,31.65,25.3,20.52,16.17,12.87,10.38,7.1,5.5,4.22,3.11,2.55,1.87,1.61,1.32,1.05,,0.85,0.8,0.6,,0.51,0.42,0.4,,,,,,,,,,,,,,,,,,
2024-11-14,5765.0,,5467.0,,,4973.79,,,,,,,,,2975.12,,,,,,,,,,,,1955.41,,,,,,,,,,1436.2,1373.5,,,1271.1,,,,1172.0,1163.65,,,1093.1,,,,963.61,,,,,,,,789.8,,735.0,,694.0,,,,601.7,,562.14,,,462.72,438.97,442.21,385.2,,,351.29,299.44,296.59,,231.18,209.91,198.87,169.44,151.1,132.88,119.35,99.45,85.5,69.64,59.07,45.0,39.06,31.0,24.7,19.16,15.5,10.5,8.8,5.97,4.43,3.35,3.9,1.74,1.3,0.97,,0.9,0.89,0.5,,0.5,,0.5,,0.4,,,,,,0.2,0.15,,,,,,,,0.05,,0.05,0.05,,
2024-11-15,5668.03,,,,,,,,4088.34,3885.07,3686.4,,,,,,,,,,,,2199.16,,,,1891.99,,,,,,1589.61,,,1391.07,,1293.0,,1253.37,1199.1,,,,1100.93,,,,,,,,901.62,,856.95,,,,,,692.02,,647.7,625.0,601.12,,567.0,523.17,494.58,,499.89,446.5,414.5,389.35,383.0,341.2,314.0,294.19,277.27,252.37,234.59,212.6,198.3,171.6,160.8,135.07,124.65,108.83,92.5,75.6,65.2,51.1,44.23,35.52,28.2,22.6,17.6,14.08,10.7,8.05,6.15,4.67,3.5,2.64,2.1,1.58,1.25,1.01,0.8,,0.66,0.5,0.47,0.5,0.45,0.35,,,0.35,,0.25,,,0.17,0.12,0.15,,0.15,,,0.05,0.1,0.1,0.05,0.05,,,,
2024-11-19,5686.41,,,,,,,,,3924.11,,,,,2929.71,2776.27,,,,,,,,,,,1934.16,,,,,,,,,,,1334.1,,,1247.8,,,,1148.7,,,,,,,,942.14,,,,845.0,,,,,,,,618.69,,542.0,,552.0,,493.45,,436.94,,398.7,338.63,354.6,292.37,271.92,259.29,272.58,224.32,229.5,197.71,187.4,167.31,143.63,125.83,109.7,96.14,82.9,66.3,58.73,44.41,38.2,28.3,24.1,17.39,14.48,10.27,8.2,6.4,5.03,3.2,2.56,1.12,1.5,1.27,1.05,0.72,0.3,0.4,0.52,0.45,0.2,0.2,0.35,0.15,0.27,0.15,0.15,0.2,0.15,0.15,0.15,,,,,,,,,,,,,,
2024-11-20,5689.92,5490.92,,,,4876.98,,,,,,,,,,2784.43,,,,2380.0,,,,,,,1933.9,,,,,,,,,,,1339.3,,,1234.8,,,,1135.7,,,,1012.02,,,,942.35,,,,840.0,,,,,,,622.33,610.27,,572.0,,497.0,,,,419.44,395.9,,,327.54,292.24,281.43,270.07,238.73,212.8,230.3,198.04,186.85,149.75,146.69,116.62,115.56,96.1,84.69,68.42,60.3,47.18,39.7,31.1,24.9,14.8,15.49,11.73,8.94,6.2,5.0,2.9,2.8,2.2,1.5,1.4,1.05,0.95,0.8,0.7,0.55,0.4,0.4,0.5,0.3,0.4,0.25,0.25,0.25,0.2,0.25,0.16,0.2,0.15,0.05,0.1,,,,,,0.05,,,,,
2024-11-22,5754.72,,,,,4967.92,,4369.8,,,,,,,2971.96,,,,,,,,,,,,1981.04,,,,,,,,,,,1394.4,,,1279.0,,,,1175.9,,,,,,,,986.97,,,,,,,,,,,,693.5,,637.7,,588.77,,,517.33,491.0,,,,404.59,,354.39,,302.71,280.9,256.28,241.5,214.11,192.28,169.59,151.53,134.4,112.54,98.4,83.33,69.33,56.72,44.3,35.43,26.98,21.3,14.71,11.1,8.4,5.9,4.2,3.6,2.5,,1.32,1.2,0.8,,0.65,,0.37,,0.3,0.27,0.2,,0.2,,,,,,,,,,,,,,,,,,,,
2024-11-26,5806.32,,,5405.15,,4997.71,,,,,,,,,,,,,,,,,,,,,2023.2,,,,,1821.28,,,1610.04,,,1433.6,,,1331.9,,,,1232.3,,,,,,,,1039.43,,,,,,890.51,,842.0,,771.88,,,,680.0,,,,,,,,,,432.9,,,,,318.8,288.3,275.94,240.87,,196.22,177.97,165.4,139.52,127.38,102.86,90.78,74.2,58.71,46.0,36.4,26.31,20.75,14.9,11.1,6.33,5.7,3.81,2.86,1.62,1.52,1.02,0.8,0.55,,,0.43,,,0.35,0.35,,,,,,0.15,,0.1,,,,,,,,,0.05,,,,,
2024-11-29,5829.23,,,,,,,,,,,,,,,,,,,,,,,,,,2046.91,,,,,,,,,,,1450.4,,,1346.9,,,,1248.4,,1171.08,,,,,,1051.66,,,,,,,,853.37,,,,,,,,637.8,,584.6,,555.04,,,,457.3,,,,365.49,341.2,306.53,,267.25,238.08,207.8,,173.5,157.03,130.0,116.31,92.97,79.86,58.0,47.03,34.68,27.26,18.74,14.12,8.8,6.23,4.5,3.7,2.2,1.15,1.32,1.02,0.77,,0.65,,0.37,,,,0.34,0.3,,,0.2,,0.15,0.15,0.1,,,,,,,,,0.05,,,,,
2024-12-02,5841.34,,,,,5043.08,,,,4049.0,,3643.59,,,3048.75,,,,,,,2446.72,,2256.32,,,2055.43,,,,,,1751.59,,1657.2,1556.4,1507.66,1456.9,,,1358.8,,1305.44,,1261.4,,,,,,1103.75,,1060.87,,,,,,910.6,,856.87,,814.39,,764.31,,710.89,,,634.17,,,563.8,,,,465.35,439.13,411.3,,,,313.23,298.9,274.4,250.3,229.9,204.2,177.0,156.32,134.8,112.27,96.17,77.5,61.55,47.54,35.5,26.8,18.79,12.84,9.3,6.46,3.98,3.06,1.95,,0.8,,0.68,,0.4,0.29,0.38,0.35,,,0.2,,,,0.2,,0.15,0.1,0.1,0.1,,,,,,,,,,,,,
2024-12-03,5847.23,,,,,,,,,,,,,,,,,,,2551.2,,,,,,,2060.4,,,,,,,,,,,1463.0,,,1359.8,,,,1260.5,,,,,,,,1064.7,,,,958.89,,,,853.4,,,,,,709.3,,,,,,565.4,,,,467.9,,,,368.52,,311.78,291.68,267.56,248.05,218.39,200.0,177.95,155.16,133.4,113.5,94.03,75.93,59.54,45.63,34.11,23.4,16.79,11.28,7.4,4.86,3.0,1.77,1.4,,0.64,0.52,0.5,,,,0.25,,0.25,,,,0.2,,,0.15,0.15,,,,,,,,,,,,,,,,
2024-12-04,5871.52,,,,,5067.67,,,,4070.32,,,,,3079.5,,,2776.0,,,,,,,,,2080.2,,,,,1882.35,1786.3,,1688.47,,,1494.6,,,1396.8,,,,1297.3,,,,,,,,1082.9,,1036.18,,986.32,,941.51,,879.88,,,817.08,787.32,,,,,,,,586.8,,,515.38,500.9,,439.5,425.15,399.88,,351.64,327.29,305.0,,244.2,221.32,208.8,183.85,162.05,136.62,118.32,98.67,78.66,63.7,47.15,36.97,25.4,18.32,11.7,7.73,4.7,3.3,1.95,1.45,1.1,,0.6,0.5,0.45,,0.35,,,,0.35,,0.25,,0.2,,0.15,0.15,0.1,0.1,,,,,,,,,,,,,
2024-12-10,5851.92,,,,,,,,,4045.2,,,,,,,,,,2543.8,,,,,,,2045.3,,,,,1868.0,,,,,,1434.3,,,1358.5,,,,1254.1,,,,,,,,1054.3,,,,962.38,,,,855.15,,,,,,713.88,,,,,,572.0,,,,,,,,350.5,,313.64,,248.5,243.04,212.34,,157.29,,111.13,93.66,74.4,51.95,39.3,25.3,18.68,12.45,6.91,3.81,2.5,1.35,0.85,0.56,0.35,0.26,0.2,0.2,0.15,,,,0.1,,,,,,,,,0.05,,0.06,,,,,,,,,,,,,,,
2024-12-11,5888.1,,,,,,,,,4092.05,,,,,3079.0,,2875.0,,,,,,,,,,2093.96,,,,,,,,,1594.03,,1497.7,1471.02,,1390.8,,,,1284.4,,,,,,,,1096.11,,1030.9,,987.33,,,,896.2,,,,,,,,,,,,599.76,,549.85,,492.8,469.54,,,389.5,358.69,348.06,,298.51,278.77,249.5,225.53,200.0,177.15,148.1,,99.44,86.3,63.1,43.0,29.15,18.54,11.3,6.26,3.3,1.57,1.4,0.78,0.2,,0.25,,0.17,,,,,,,,,,,,,,,0.05,,0.05,,0.05,,,,,,,,,0.05,,
2024-12-12,5868.87,5668.8,,,,,4679.64,,,4064.0,,3671.73,,3272.21,,,,,,,,,,,,,2081.88,,2025.06,,,,,,1682.51,1572.0,,1458.1,,,1360.5,,,,1260.7,,1215.8,,,,1118.74,,1081.0,1043.82,1007.45,1004.56,974.42,,,,,840.97,,,,,731.74,,,,,604.15,584.15,,,,,,,,362.0,,336.07,,278.01,,214.13,204.03,162.22,,117.6,103.7,75.6,55.6,37.22,24.06,15.32,8.45,4.45,2.5,1.0,0.47,0.3,0.3,0.22,0.14,0.15,0.2,0.1,0.09,,,0.1,,,,,,0.05,,,,0.05,0.05,,,,,,,,,,,,,,,
2024-12-13,5838.37,,,,,,,,,4065.0,,,,,,,2873.67,,,,,,,,,,2049.56,,,,,,,,,1580.3,,1456.4,,,1354.3,,1294.33,,1252.4,,1201.24,,,,,,1050.81,,,,,,,,876.12,,,,,731.98,,,683.31,,605.33,605.9,542.9,,,473.8,455.49,,,402.49,357.9,,,,252.85,,206.5,,161.59,137.0,114.2,84.2,68.9,45.61,29.2,17.65,9.4,4.5,1.9,0.82,0.37,0.2,0.1,0.1,0.1,,0.1,0.1,0.1,,,,0.05,,,,0.05,,0.05,,,,0.05,,,,,,,,,,,,,,,,
2024-12-16,5884.0,,,,,5076.45,,,,4068.0,,,,,3086.78,,,,,,,,2377.79,2278.28,,,2076.33,,,1978.83,,,,,,1581.47,,1479.1,1450.88,,1381.3,,,,1281.4,,,,1180.5,,,,1077.48,,,,970.0,963.33,923.0,895.48,870.48,,,,778.77,,738.86,,681.5,,631.6,,582.8,561.23,,504.21,475.1,,432.03,,380.0,362.38,,,287.69,,226.0,215.0,180.13,,141.82,111.0,85.0,64.87,44.63,28.7,15.88,7.87,3.77,1.57,0.7,0.5,0.2,0.15,0.1,,0.15,0.1,0.1,0.1,0.07,0.1,0.05,,0.05,,0.05,0.05,0.05,0.05,,0.05,,0.05,,,,,,,,,,,,,,,0.05
2024-12-17,5849.96,5648.94,,5450.01,,,,,,,,,3451.82,,3056.6,,2844.97,,,2542.0,,,,,,,2043.6,,,,,,1761.26,,1648.2,,,1454.8,,,1351.0,,,,1250.3,,1192.83,,,,1105.92,,1058.5,,,,943.37,932.8,905.06,,,,,,,,,,655.0,,603.01,,542.0,,500.0,,,,,,355.0,322.2,,,259.4,,209.9,,150.5,135.22,107.9,82.36,61.68,48.0,28.0,15.7,8.44,3.9,1.5,0.65,0.45,0.25,0.15,0.15,0.14,,0.1,,0.1,,0.1,,0.05,,,,,0.05,,,,,,0.03,,,,,,,,,,,,,,,
2024-12-18,5804.0,,,,,,,,,4014.0,,,,,3063.0,,,,,,,,,2142.48,,,1852.83,,,,,1863.3,1693.12,,1594.5,1558.12,,1262.3,1261.0,,1186.3,,1178.86,,1085.9,,1214.7,,1150.56,,,,857.06,,1006.65,,962.41,,729.34,,680.0,,815.27,790.24,749.77,,660.59,527.5,450.49,,,,359.45,,362.2,,268.27,,220.98,,192.1,,121.46,203.96,76.82,56.26,42.25,35.99,25.0,14.65,7.9,4.0,3.1,1.65,1.0,0.65,0.55,0.52,0.42,0.27,0.22,0.05,0.15,0.1,0.1,0.1,0.1,,0.1,,0.05,,0.05,,,,,,,,,,,0.03,,,,,,,,,,,,,,,
2024-12-19,5671.77,,,,,,,,,,,3504.45,,,2887.0,2808.0,,,2488.03,2383.3,,,,2087.0,,2011.82,1869.61,,,,1765.64,1711.94,,,1505.5,1393.78,,1272.0,1280.0,,1168.3,,,,1067.9,,1059.94,,992.87,,,,870.4,,,,776.92,,744.71,,691.52,,621.0,,587.0,565.0,528.06,,467.04,,452.8,,392.31,,364.17,,278.47,276.0,256.5,236.92,212.5,168.05,134.66,104.83,77.6,58.73,35.6,17.44,8.67,4.15,1.8,0.85,0.5,0.4,0.25,0.31,0.1,0.15,0.15,0.05,0.1,0.05,0.1,0.05,0.05,,0.05,0.05,0.05,,0.05,,0.05,,,,0.05,,,,,,,,,,,,,,,,,,,,,,0.05
2024-10-03,,,,5098.4,,,,,,,,,,,,,,,,,,,,,,,1729.44,,,,,,,,,,,1147.0,,,,,,,958.15,,,,,,,795.9,765.6,753.36,,,,,,,,,537.13,,502.44,,461.78,440.4,413.77,,,359.64,337.96,,301.39,282.15,262.2,249.05,229.84,215.54,199.3,173.83,167.5,145.54,132.21,,110.8,93.25,81.49,72.4,64.6,,47.9,42.26,34.02,29.3,23.35,,16.48,13.76,12.0,10.0,8.8,,5.66,,4.2,,3.1,,,,,,,,1.16,,,,0.65,,,0.45,,,,,,,,0.15,,,,0.05,,,
2024-09-17,,,,,4827.85,,,,,3681.1,,,,,2700.0,,,,,,,,,,,,1676.63,,,,,,,,,1221.09,,,,,,,,,,,,,,,,,728.73,,,,667.76,,,,570.0,,533.6,484.8,469.9,465.52,416.6,428.6,380.96,385.41,336.3,341.84,306.36,288.52,269.57,,227.57,218.09,194.23,179.64,171.0,154.35,139.01,123.81,115.63,98.9,90.0,80.1,73.1,63.8,54.88,,42.8,37.4,37.27,31.75,23.1,,17.73,18.05,13.0,12.7,9.3,8.1,7.45,6.35,6.3,5.7,4.6,,,,3.2,,,,2.0,,1.55,,1.2,,,0.65,,,,,,,0.25,,,,,,,,
2024-11-05,,,,,4949.0,,,,,,,,,,,,,,,,,,,,,,1811.22,,,,,,1496.4,,,1269.99,,1203.0,,,1126.1,,,,1027.7,,,,,,,,827.67,,,,,,,,,603.08,,,526.64,,,,448.0,,379.29,,351.0,331.07,315.79,,267.83,,234.8,,200.0,173.07,158.87,150.0,132.62,115.66,98.4,86.8,77.0,66.2,57.76,46.1,41.0,30.9,26.3,21.1,19.0,13.3,13.0,8.7,8.0,6.4,5.5,4.24,3.6,,2.65,2.1,2.05,1.55,,1.25,1.05,,,,0.95,,,,0.5,,,,,,,,,,,,,,,,,,
2024-06-20,,,,,,4498.4,,,,,,,,,,,,,,,,,,,,1696.44,1579.25,,,1506.2,,1390.47,,,1216.0,1098.98,,,,,,,,,,,806.9,,740.62,,,,656.25,,,609.02,,,527.05,,490.3,489.43,449.73,425.3,406.02,,,357.16,348.9,344.31,313.36,,272.73,256.68,237.06,236.6,207.18,189.75,181.6,164.51,163.71,138.02,137.0,131.7,113.16,109.9,94.7,83.3,77.65,74.2,66.66,,51.0,,,,38.2,,,,24.05,,,,15.51,,,,10.27,,,,6.3,,,,4.5,,,,2.5,,,1.55,,1.08,,,,,0.35,,,,,,0.1,,
2024-06-26,,,,,,4478.63,,,,3500.6,,,,,,,,,,,,,1857.92,1761.92,,,1571.66,,,1458.91,,,,,,1089.07,,,,,,,,,818.5,,,,,,,,646.08,619.11,,576.58,,,509.51,,475.88,,,,403.8,,360.99,,326.69,,293.28,272.8,257.66,,226.28,207.8,194.74,181.14,167.99,154.92,144.49,132.39,120.6,111.13,102.17,92.57,83.44,75.0,69.34,64.1,57.3,,45.19,,35.9,,28.64,,,,17.94,,,,11.3,,,,6.8,,,,4.6,,,,3.3,,2.35,,1.8,,1.4,1.2,,0.85,,0.6,0.4,0.3,0.25,0.15,0.15,0.1,0.05,0.05,0.05,,
2024-07-05,,,,,,4566.35,,,,,,,,,,,,,,,,,,,,,1651.54,,,,,,1365.22,,,1174.39,,,,,,,,,,,,,,,758.73,,718.63,692.96,,,631.03,607.11,,562.45,547.6,,479.2,480.2,459.98,437.2,420.5,381.4,383.9,354.6,336.6,307.5,307.39,289.89,275.98,259.99,242.6,224.49,209.2,,183.15,167.42,153.5,142.1,130.99,118.55,109.25,98.4,91.1,80.8,74.2,,59.9,,48.3,,34.2,,,,23.21,,,,,,,,8.4,,,,,,,,3.85,,,,2.05,,,,,0.98,,,0.5,0.4,0.35,,,,,,,,
2024-07-18,,,,,,4575.06,,,,3580.72,,,,,,,,,,,,,,,,,1612.28,,,,,1496.01,,,,1141.16,,,,,,,,,933.26,,,,803.84,,,,681.14,,,,596.82,,570.56,,512.0,,515.66,466.6,449.07,,,,381.71,,327.33,309.58,288.11,272.4,274.71,240.2,224.43,215.7,200.8,186.6,173.94,168.44,149.8,138.58,125.53,121.6,106.6,93.8,87.37,,70.6,,57.5,,46.77,,40.8,,,,25.4,,,,14.2,,,,10.55,,,,6.05,,,,3.9,,2.7,,,,,1.2,,0.85,,0.7,,0.35,,,,,,0.15,0.15,,
2024-07-19,,,,,,4517.12,,,,3541.12,,,,,2564.05,,,,,,,,,,,,1599.75,,,,,,1299.48,,,1118.57,,1041.27,,,,,,,837.44,,,,,,,,659.04,,,,584.71,,537.24,,504.5,,451.87,,420.13,,397.94,,348.9,334.53,305.39,291.64,271.0,251.1,240.68,,206.92,192.4,177.01,170.68,151.89,141.7,127.4,123.08,107.03,,89.76,85.3,72.56,66.98,58.56,,47.63,,39.65,,31.39,,,,19.2,,,,11.46,,,,6.92,,,,4.5,,,,3.4,,2.0,,,,1.1,1.0,,0.75,,,,0.3,,,,,,,0.1,,
2024-07-22,,,,,,4561.71,,,,3585.16,,,,,,,,,,,,,,,,,1649.45,,,,,,1351.7,,,,,,,,,,,,,,,,,,,733.27,711.3,,,,622.5,,,559.99,538.43,508.76,,468.2,453.88,,416.98,,378.28,,341.33,322.11,304.98,270.6,270.5,,238.0,220.87,205.5,183.3,178.7,165.2,149.5,138.86,117.05,,,94.7,88.0,80.4,72.0,,57.87,,46.54,,37.1,,,,23.6,,,,,,,,8.55,,,,5.26,,,,3.4,,2.07,,,,,0.95,,,,,,,,,,,,,0.1,,
2024-07-23,,,,,,4555.35,,,,3578.45,,,,,,,,,,,,,,,,,1636.68,,,,,,1376.16,,,1170.32,,,,,,,,,,,,,,,,745.56,698.93,,,,623.39,,,,544.78,,,,467.17,,418.49,,384.32,,340.0,,300.7,,261.24,244.84,236.0,222.4,207.29,197.1,185.22,163.55,157.87,143.6,128.71,120.4,,96.7,87.66,,71.79,,57.4,,47.25,,37.4,,,,23.75,,,,14.55,,,,8.9,,,,5.91,,,,3.5,,2.4,,1.79,,1.28,1.05,,,,,,,,,,,,,,,
2024-07-25,,,,,,4429.79,,,,3452.74,,,,,2501.98,,,,,,,,,,,,1549.03,,,,1363.56,,,,,,,,,,,,,,,,717.91,,,,,,575.69,,561.69,,528.32,,,,463.69,414.96,,375.06,360.0,341.11,331.56,,317.29,261.2,281.26,249.8,210.87,213.2,200.03,180.1,165.11,167.5,143.5,138.27,122.46,120.1,97.8,97.2,76.1,69.5,77.97,65.8,65.0,59.9,41.6,,31.0,,,,20.0,,,,13.4,,,,8.3,,,,5.8,,,,3.8,,,,2.1,,1.6,,1.1,,0.9,,,,,,,,,,,,,,,,
2024-07-30,,,,,,4433.53,,,,3455.63,,,,,,,,,,,,,,,,,1487.75,,,,,,,,,,,,,,,,785.34,,,,,,663.25,,,,569.45,573.13,,,,466.77,481.2,,421.03,440.73,387.0,367.41,364.43,363.88,325.14,292.35,288.96,269.0,249.23,,212.55,203.9,194.7,180.7,170.2,151.36,,,119.48,104.4,93.19,89.1,77.88,,68.2,57.1,54.2,44.65,40.89,,29.7,,26.9,,18.4,,,,12.2,,,,,,,,4.64,,,,3.07,,,,2.0,,,,1.16,,0.95,,,,,,,,,,,,,,,,
2024-07-31,,,,,,4549.73,,,,3571.4,,,,,,,,,,,,,,,,,1597.9,,,,,,1321.89,,1220.0,,,,,,,,,,,,,,734.1,,,,666.92,,628.71,,587.0,,,,491.66,,447.65,,424.05,,,375.31,356.1,,309.44,,272.7,261.98,234.74,223.2,216.1,187.5,177.88,164.4,156.25,144.0,128.38,115.3,111.14,95.8,88.4,82.5,70.13,60.8,58.19,,45.8,,34.1,,30.35,,,,18.2,,,,,,,,6.9,,,,4.2,,,,2.7,,1.8,,1.45,,,0.7,,0.6,,,,,,,,,,,,,
2024-08-01,,,,,,4464.17,,,,3485.69,,,,,,,,,,,,,,,,,1499.24,,,,,,,,,1043.33,,,,,,,,,,,,,705.31,,623.14,,584.24,,574.0,,578.23,,,,425.18,,,386.5,382.66,,319.7,338.38,284.81,,259.66,235.6,223.8,206.9,192.6,178.9,171.8,161.4,142.2,134.5,118.81,110.4,95.75,87.1,84.97,,,59.5,53.81,,43.2,,36.3,,33.5,,22.2,,,,13.95,,,,8.2,,,,5.85,,,,3.7,,,,,,,,1.25,,,0.8,,,,,,,,,,,,,,,
2024-08-02,,,,,,4307.36,,,,3330.16,,,,2548.47,2354.67,,,,,,,,,1613.37,,,1405.93,,,,,,,,,952.82,,,,,783.65,,,726.2,699.82,,683.43,636.8,,,,,530.32,,480.97,,451.62,,409.62,,384.0,,338.72,319.02,304.4,288.22,274.32,258.9,243.5,231.3,214.4,200.4,186.0,175.4,166.2,153.9,142.2,131.0,120.3,107.3,98.09,96.5,81.87,70.2,67.25,60.2,55.0,48.75,43.65,39.58,34.74,,26.39,,22.29,,17.1,,,,10.3,,,,6.43,,,,,,,,2.7,,,,1.9,,1.65,,1.3,,,0.95,,,,,,0.35,,,,,,,,,
2024-08-05,,,,,,4164.57,,,,3191.47,,,,,,,,,,1758.56,,,1584.86,1474.48,,,1328.57,,,,,1139.2,1036.28,,961.89,871.26,817.09,786.0,,752.1,,,668.8,,630.21,584.83,587.12,,533.89,,,491.5,465.6,436.93,432.34,,392.04,380.83,344.38,,316.15,300.0,295.22,266.6,252.63,239.3,222.71,213.2,199.3,185.8,172.5,160.1,143.97,136.0,125.9,113.51,105.0,96.2,88.1,80.1,72.6,65.7,59.4,53.7,48.2,43.6,37.76,35.3,30.46,27.6,25.4,,20.4,,16.5,,13.3,,,,9.1,,,,6.45,,,,4.9,,,,3.1,,,,3.0,,2.0,,2.35,,1.8,1.5,,,,,,,,,,,,,0.3,,
2024-08-22,,,,,,4581.57,,,,3600.05,,,,,,,,,,2140.0,,,,,,1795.55,1642.09,,,,,,,,,,,,,,,,,,,,,,794.35,,,,699.83,,,,604.41,,,,,,476.05,471.8,434.67,414.6,425.8,415.4,399.16,371.6,317.06,332.8,282.15,276.85,259.26,227.0,210.1,228.7,183.4,179.96,173.75,,147.41,117.5,109.9,113.8,,85.4,71.49,67.6,70.29,,43.94,,34.0,,24.15,,20.5,,14.3,,12.32,,10.25,,,,6.3,,,,4.25,,,,2.55,,,,1.5,,,1.0,,0.8,,0.6,,,0.3,0.25,,,,0.1,,,
2024-08-29,,,,,,4592.65,,,,3609.75,,,,,,,,,,,,,,,,,1650.62,,,,,,,,,1211.67,,1116.27,,,,,,,,863.71,,866.67,,,,,701.52,,,,648.0,,,,,,492.5,,485.0,,,,,,360.53,,314.36,,278.1,231.2,240.44,,189.98,164.5,149.1,135.8,123.0,111.5,99.2,89.4,78.1,69.1,61.0,53.6,46.9,,35.6,31.0,26.8,23.2,20.5,17.8,15.3,12.8,11.2,9.7,8.4,7.3,6.4,5.6,4.9,4.4,4.0,,,,2.92,,,,1.9,,1.49,,1.25,,,,,0.7,,,,,0.25,0.2,,,,,,,
2024-09-23,,,,,,4718.37,,,,3727.07,,,,,,,,,,,,,,1960.34,,,1764.8,,,,,,,,,,,1178.25,,,1073.69,,1032.4,1010.4,983.96,954.16,,,891.4,863.14,834.2,,798.51,,,,,681.0,,,607.77,,,548.28,517.9,499.3,482.44,453.54,433.77,,386.19,372.34,352.29,332.56,312.66,288.48,274.15,254.62,236.74,,201.75,185.43,171.0,153.5,137.99,124.89,113.5,96.9,90.42,78.48,69.39,,53.5,45.5,39.65,35.55,29.5,,22.79,19.6,16.1,14.5,11.9,10.3,8.95,7.7,7.2,,5.29,,,,3.4,,,,2.35,,,,1.15,,,0.85,,,,,,,0.1,,,0.15,,,,,
2024-09-24,,,,,,4723.29,,,,,3545.57,3346.4,,,,,2535.0,,,,,2164.7,,,,,1771.16,,,,,,,,,1263.98,,,,,,,1022.98,1020.1,,,,,900.4,,,,803.66,,747.55,,712.8,689.5,,,623.1,,,,,506.8,,,,,405.78,373.7,357.7,,321.28,298.9,279.39,262.72,241.86,227.8,210.32,193.3,177.33,160.61,143.7,130.4,117.4,104.2,94.62,83.25,73.1,,55.65,48.99,41.94,36.9,30.8,27.4,22.5,19.2,17.0,14.1,11.83,10.2,9.3,8.1,7.0,6.1,5.05,4.6,4.1,3.8,3.25,,2.75,,,,,,,,,0.75,,,,,,,0.14,,0.1,,,,,,
2024-10-02,,,,,,4718.79,,,,,,,,,,,,,,2237.05,,,,,,1852.84,1754.0,,,1637.0,,,,,,,,,,,,,,,,,,,884.49,,,,789.35,,,,,,657.7,,607.18,,,,525.5,495.8,,,434.14,419.51,392.43,372.5,357.6,338.35,318.28,,273.7,254.82,236.86,,204.07,184.99,168.55,155.47,140.6,126.47,113.9,100.5,90.5,71.1,69.26,,50.8,44.3,38.9,31.4,26.29,,19.93,,12.96,,9.0,8.2,7.0,5.8,4.96,,3.54,,,,1.92,,,,1.28,,,,,,,0.47,,,,,,,,,,,,,,,
2024-10-04,,,,,,4725.89,,,,,,,,,,,,,,,,,,,,,1771.72,,,,,1570.85,,,,,,,,,,,,,,,,,,,,,805.52,,,,728.14,,,,610.08,,590.46,,526.5,,492.5,,434.61,,402.83,,360.43,,313.53,,296.2,270.42,254.42,231.63,211.09,199.1,190.15,167.53,158.0,133.5,126.67,,95.34,83.5,73.5,,60.4,47.73,44.0,37.59,31.89,22.6,18.15,,15.87,13.22,10.25,9.6,6.3,,5.48,,3.8,3.03,2.84,2.49,2.26,,1.77,,1.46,,,,0.74,,,,,,,0.25,,,,,,,,,,,
2024-10-16,,,,,,4812.73,,,,,,,,,,,,,,,,,,,,,1877.44,,,,,,,,,,,,,,,,,,,,,,,,,,901.54,,,,793.8,,,,,,,,618.74,,554.38,,502.25,,467.9,,441.8,,382.65,,353.42,,313.86,278.8,273.4,,223.14,218.3,199.2,169.7,166.54,150.13,135.5,121.7,100.1,95.42,85.0,74.71,63.5,57.6,48.4,41.7,35.18,29.88,25.93,,18.38,15.1,12.4,9.63,8.8,7.0,6.15,5.6,,,3.43,,2.67,,2.15,,1.42,,1.1,,0.77,,,,,,,,0.15,,,,,,,,
2024-10-29,,,,,,4844.6,,,,,,,,,,,,,,,,,,,,,1833.22,,,,,,,,1474.64,,,1279.4,,,1167.8,,1124.64,,1087.6,,,,,,,,868.79,,,,,,,,,,,,605.3,,558.81,,500.6,,,,414.31,388.34,374.36,,329.88,311.51,,276.0,257.7,,198.3,199.42,176.3,166.7,149.97,127.5,113.3,100.2,91.18,,65.55,55.76,47.76,41.1,34.95,24.08,23.98,20.0,16.6,13.85,11.61,9.09,7.3,,5.42,4.3,3.69,3.3,2.8,,2.05,,,,1.3,,0.92,,,,,0.48,0.38,0.3,,,,,,,,,,,,,
2024-10-30,,,,,,4821.16,,,,,,,,,,,,,,2344.58,,2245.68,,,,,1849.56,,,,1700.29,,,,,,,1246.6,,,1172.6,,,,1050.5,,,,,,,,868.51,,,,,,,,,,,,,,562.35,,492.82,,448.32,,394.9,,364.38,,341.18,315.7,,276.34,240.79,226.8,,181.9,164.95,157.46,132.48,115.46,101.2,93.8,82.27,81.9,56.65,54.8,42.5,36.4,28.55,27.3,24.8,18.9,14.52,12.11,10.6,8.09,6.8,5.42,5.0,,3.32,2.88,,,2.08,,1.7,,1.22,1.14,,,,,,0.6,,,,0.25,,,,,,,,,,,
2024-10-31,,,,,,4731.8,,,,,,,,,,,,,,,,,,,,,1748.36,,,,,,,,1357.5,,,1157.4,,,1027.3,,,,959.2,,,,,,,,776.04,,,701.54,,,,,583.5,,,,505.23,,469.55,,410.9,,,,324.9,304.3,290.29,270.31,247.9,228.6,212.0,199.6,172.92,155.65,138.64,129.0,113.83,98.49,87.21,81.2,64.91,58.6,49.18,43.0,33.96,27.5,23.53,19.5,15.64,14.0,10.88,9.21,7.3,7.05,4.95,4.4,3.4,3.52,2.75,2.15,1.45,1.7,1.96,,1.25,,,,0.85,,,,0.65,,,0.35,,,,,,,0.1,,,,,,,,
2024-11-07,,,,,,4963.15,,,,3965.71,,,,,,,,,,,,,,2185.93,,,1992.95,,,,,,,,,,,1393.8,,,1300.3,,,,1202.1,,,,,,,,1000.74,,,,898.32,,,,796.99,,,,704.02,,,,607.4,,552.39,,515.95,,,436.98,418.55,391.56,375.79,352.16,339.35,292.32,284.09,246.98,252.2,,196.6,183.15,163.3,152.4,132.74,113.44,101.3,88.77,75.9,65.04,53.0,46.46,39.97,32.72,25.5,21.89,17.94,14.97,11.4,9.59,7.6,6.61,5.2,,3.8,3.3,2.8,,2.25,,1.7,,1.3,,0.85,,0.6,0.45,,0.35,,0.3,,,0.05,,,,,,,,
2024-11-11,,,,,,5006.58,,,,,,3617.56,,,,,,,,,,2426.52,,,,,2026.91,,,,,,,,,1518.8,,1424.3,,,1328.7,,,,1229.8,,,,,,,,1024.13,,987.2,,,,,854.27,828.93,,784.2,,,706.22,682.11,,639.66,,,,,,,,454.98,,395.6,372.55,350.0,,311.59,278.0,259.6,237.39,217.38,199.5,178.45,160.5,144.23,136.3,111.0,97.69,81.2,69.0,59.7,49.5,41.5,33.8,28.0,22.9,18.3,14.35,11.8,9.29,7.0,5.6,4.7,3.85,3.91,,2.29,1.97,2.3,,1.6,1.27,,,0.65,,0.4,0.4,0.35,,,0.2,0.15,0.15,,,,,,0.05,,,
2024-11-21,,,,,,4929.23,,,,3902.0,,,,,2970.42,,,,,,,,2234.88,,,,1962.69,,,,,,,,,1430.9,,1365.3,,,1269.3,1224.6,,,1170.5,,,,,,,,970.87,,,878.35,,,,810.4,778.3,754.03,729.81,,,,632.0,,590.0,,,487.73,484.48,440.31,415.74,,391.0,319.02,,,295.0,261.7,254.5,,211.9,,176.5,126.0,132.23,117.98,98.4,83.62,69.59,59.9,47.2,40.1,29.63,23.1,17.95,13.4,10.5,8.3,6.1,4.18,3.9,2.95,2.22,1.6,1.2,0.85,,0.8,0.65,,0.4,,0.28,,,,0.16,,0.15,,,,0.1,0.05,,,,,,,,,,,
2024-11-25,,,,,,4992.8,,4386.66,,3984.5,,,,,,,,,,,,,,,,,2005.46,,,,,,,,,,,1392.6,,,1313.4,,,,1212.0,,,,,,,,1011.91,,,,,,,,822.65,776.73,,,703.0,673.32,,,636.0,,,,507.3,,456.0,444.14,414.38,,371.0,,318.2,,271.95,,225.1,217.4,175.23,163.56,141.78,131.42,104.4,90.5,74.1,58.8,48.0,34.9,26.53,20.4,15.66,11.62,8.71,6.3,4.6,3.47,2.3,2.07,1.25,1.66,1.1,,,,0.42,,,,0.35,0.35,0.3,,0.2,,0.15,0.05,,,,,,,0.05,,,,,,,,
2024-09-06,,,,,,,4091.16,,,,,,,,,,,,,,,,,,,,1475.67,,,,,,,,1159.0,1086.66,,,,,,,767.33,,723.76,707.32,,,646.98,,596.31,,547.68,,519.56,,466.77,,429.65,,388.2,,347.87,334.91,312.56,,283.87,263.3,243.81,227.0,210.98,232.36,182.87,171.3,157.22,140.53,128.63,127.2,107.3,94.44,83.8,82.24,67.41,59.48,52.67,59.3,39.38,35.1,30.23,26.1,22.7,,16.2,14.1,12.6,10.85,8.8,7.9,7.5,6.3,5.23,4.8,4.5,,3.37,,2.92,,2.25,,,1.79,,,,,,,,,0.88,,0.65,,,,,,0.4,,,0.06,,,0.03,0.02,0.02,,
2024-09-09,,,,,,,4066.42,,,,,,,,,,,,,,,,,,,,1517.97,,,1421.17,,,,,1146.29,1046.8,,,,,,,,795.56,772.91,,,,676.94,,,,582.37,,,,492.91,,456.31,,417.1,,372.36,353.46,349.28,,311.85,284.85,263.8,,242.4,227.89,202.64,189.48,182.09,164.8,142.5,133.81,119.32,112.46,101.5,85.76,79.86,72.6,62.87,,49.37,40.6,34.5,30.0,27.63,,20.6,16.4,14.1,12.65,10.75,9.0,7.99,,6.1,,4.5,4.01,3.5,,2.86,2.62,2.4,,,,,,,,1.35,,1.03,,0.87,,0.76,0.67,,,,,,,,,,,,0.1,,,
2024-12-05,,,,,,,4687.12,,,4081.5,,,,,3089.0,,,,2686.0,,,,,,,,2083.5,,,,,,,,,1602.63,,1488.3,,,1385.9,,,,1285.3,,,,,,,1122.85,1087.23,,,,,,,,,,,,797.22,,,,697.92,,650.5,,595.95,,,,489.8,,,,403.0,,347.08,,296.88,,257.9,,196.0,180.57,148.43,129.81,105.24,93.24,67.6,53.4,38.0,32.7,18.35,12.0,8.1,5.35,3.4,2.8,1.05,0.8,0.85,,0.5,,0.4,,0.25,,,,0.25,,,,0.15,,0.15,0.1,0.05,,,,,,,,,,,,,,
2024-12-06,,,,,,,4685.63,,,,,,,,,,,2787.0,2686.5,,2547.1,,2390.0,,,,2094.02,,,2001.85,,,1802.25,,,,,1495.4,,,1405.0,,,,1307.1,,,,1193.18,,,1132.9,1096.82,,1050.96,,996.0,,,,895.5,,,,802.84,,753.0,,708.51,,657.2,,593.37,,,522.0,499.5,,447.92,,402.2,,346.74,328.06,299.95,288.4,262.65,222.6,199.74,190.0,157.5,130.1,112.17,89.5,75.74,55.42,40.35,28.3,19.68,12.24,7.75,4.39,2.6,1.65,1.16,1.23,0.55,,,,0.3,0.27,0.25,,,,0.2,,0.15,,,,,0.1,,,,,0.05,,,,,,,,,,
2024-07-29,,,,,,,,3885.63,,,,,,,,,,,,,,,,,,,1546.4,,,,,,1271.12,,,,,,,,,,,,,,,,,,,,630.23,,,,,,,,464.2,,421.02,,382.32,,,326.18,302.84,,,251.5,235.66,221.9,207.0,187.0,181.26,164.8,153.6,,132.21,,109.32,93.1,91.9,,74.26,62.9,59.57,57.4,51.8,,38.8,,31.2,,23.71,,,,14.0,,,,9.8,,,,5.5,,,,,,,,2.55,,,,,,,,,,,,,0.25,,,,,,,,,
2024-08-14,,,,,,,,3834.57,,3448.08,,3066.79,,,,2398.8,,,,,,1886.59,,,,,1522.65,,,,,,,,,1034.78,,,,,,,,,,,,,,,,,591.55,,530.61,,486.98,,,,423.15,,368.97,,341.18,314.78,296.54,274.38,268.34,245.94,235.13,214.2,206.99,182.5,172.35,,147.73,,116.38,108.45,100.6,83.8,81.4,69.93,64.59,56.74,48.1,43.4,40.64,32.6,27.83,,22.15,,16.2,,12.37,,,,7.4,,,,4.65,,,,3.1,,,,2.1,,,,1.6,,,,1.07,,0.8,,,,,,,,,,,,,,,,
2024-07-12,,,,,,,,,3870.23,3675.08,,,,,,,,,,,,,,,,,1698.45,,,,,,1410.6,,,1253.0,1174.0,,,,,,,,,,,,,,,803.05,755.85,,,,,,655.29,,603.25,,550.07,500.63,516.3,460.98,489.1,420.85,431.4,,408.4,,367.29,,329.4,294.5,291.54,273.35,252.1,226.2,216.26,210.1,183.3,173.38,151.2,141.5,129.2,121.7,111.5,111.6,91.74,,73.28,,69.9,,49.0,,,,31.3,,,,20.92,,,,12.3,,,,8.12,,,,5.7,,3.4,,,,2.0,1.5,,1.05,,0.75,,,,,,,,0.15,0.1,,
2024-07-11,,,,,,,,,,3619.2,,,,,,,,,2302.13,2205.0,,,,,,1787.7,,,,,,,,,1335.76,1188.75,,,,,1032.39,,,,961.63,,,,,,773.85,750.27,734.26,,703.81,661.77,,,,,562.0,,520.79,518.24,517.5,,439.6,419.66,399.04,,357.05,340.28,322.2,304.48,287.04,271.69,250.6,238.22,220.9,,191.4,177.3,160.43,148.6,138.1,128.6,118.6,108.9,98.23,88.1,80.6,,66.75,,53.0,,44.48,,,,28.3,,,,17.4,,,,10.8,,,,6.7,,,,5.2,,3.2,,2.25,,1.88,1.25,,0.85,,,,,,,,,,,,,
2024-07-15,,,,,,,,,,3660.42,,,,,2686.35,,,,,,,,,,,,1727.8,,,,,,1437.37,,,,,,,,,,,,966.51,,,,,,,801.85,775.38,,,,,,,,,,578.1,,517.7,,473.01,,440.84,,,,357.1,,,,273.06,286.47,,236.5,211.54,198.0,190.18,179.2,165.54,153.9,142.2,125.2,114.15,107.13,95.58,,79.21,,65.16,,55.5,,,,34.8,,,,24.3,,,,13.7,,,,8.9,,,,5.5,,3.8,,2.6,,,1.5,,0.95,,,,,,,,,,,0.05,,
2024-07-16,,,,,,,,,,3688.5,,,,,2714.33,,,,,,,,,,,,1731.55,,,,,,,,,,,,,1117.2,,,,,,,929.6,901.71,,,,,802.3,,755.38,,,688.58,668.3,,618.95,,,550.22,533.56,,491.39,467.16,454.72,422.5,408.2,388.06,368.86,350.44,325.43,,303.12,277.53,270.92,242.33,241.93,222.89,208.7,193.8,177.9,168.0,152.19,140.5,124.31,119.12,103.59,,91.14,,71.23,,63.3,,,,41.5,,,,24.36,,,,16.8,,,,10.65,,,,6.75,,3.82,,3.0,,,1.47,,,,,,,,,,,,,,,
2024-08-06,,,,,,,,,,3271.62,,,,,2298.72,,,,,,,1742.87,,,,,1370.38,,,,,,1113.0,,,868.98,,814.31,,772.33,730.49,,687.73,,626.3,620.41,618.93,587.32,553.78,534.6,,513.9,491.59,,444.8,,414.2,380.49,371.23,,356.73,,307.12,294.2,261.7,259.1,220.6,235.6,217.5,199.5,172.06,158.2,150.76,152.2,133.85,,112.1,106.82,92.3,82.96,77.9,69.4,64.2,56.2,43.82,45.16,40.16,35.1,33.0,25.38,22.4,,19.4,,12.65,,11.3,,,,7.1,,,,4.7,,,,3.7,,,,2.5,,,,1.95,,,,,,1.75,,,0.8,,,,,,,,,,,0.2,,
2024-08-07,,,,,,,,,,3323.55,,,,,,,,,,,,,,,,,1319.64,,,,,,,,,,,765.07,,722.43,680.47,686.54,,,,,636.96,,,,489.01,507.93,450.75,476.4,413.07,430.8,394.71,373.5,,,305.6,318.1,272.0,293.57,242.34,228.74,213.38,222.0,189.8,177.5,181.6,,136.98,139.9,109.06,104.14,93.96,,96.09,69.62,66.42,70.54,56.46,56.1,42.33,43.7,37.45,33.0,24.7,28.4,20.4,,15.4,,,,9.7,,,,6.0,,,,4.65,,,,3.39,,,,2.2,,,,1.75,,,,,,1.15,0.85,,0.8,,,,,,,,,,,,,
2024-09-25,,,,,,,,,,3743.0,,,,,2760.2,,,,,,,,,,,,1763.5,,,,,,,,,1290.39,,1193.46,,,1097.7,,,,,,,,897.3,,,,796.34,,758.21,,,,,,,,,547.4,534.47,,475.81,,436.11,,394.24,,355.98,,314.25,298.3,276.44,260.9,239.27,231.19,205.2,188.9,172.1,158.57,142.2,123.57,,101.02,91.11,,70.5,,53.09,46.08,39.0,,28.9,,21.8,,15.2,14.35,11.2,9.3,,,6.15,5.6,4.45,,3.4,,2.7,,,,1.85,,,,,,,0.7,,,,,0.3,,,,,,,,,,
2024-09-27,,,,,,,,,,3774.8,,,,,,,,,,,,,,,,,1781.6,,,,,,,,,,,1210.59,,,,,,,1008.47,,,,,,,,815.0,,770.76,,720.0,,,,631.66,,588.8,,560.0,,501.0,475.99,454.56,,415.5,,375.12,365.29,329.48,,295.88,273.19,262.16,245.61,219.56,202.64,188.4,170.7,155.0,141.3,127.45,,102.7,91.2,80.85,,63.2,58.03,46.41,38.8,34.4,,25.37,22.3,18.37,15.35,13.46,12.02,9.7,8.1,7.82,6.3,5.45,,,,3.18,,,,2.12,,1.6,,,,,0.67,,,,,,,0.15,0.15,,,0.05,,,,
2024-09-30,,,,,,,,,,3743.43,,,,,2756.43,,,,,,,,,,,,1796.1,,,,,,,,,,,,,,1092.39,,,,1003.23,,,,,,,,806.86,,,,722.7,,668.82,646.02,,,,,533.2,515.45,472.5,,446.29,,405.62,,361.77,,324.3,291.24,291.64,,233.82,215.51,226.2,209.09,192.16,150.0,160.4,131.5,129.11,117.47,104.74,81.7,82.2,,62.76,50.0,47.3,32.5,34.53,24.65,24.1,19.98,18.89,14.17,12.9,11.2,9.4,7.15,5.77,,4.85,,,,2.88,,2.2,,1.85,,,,,,,,,,,,,,,0.15,0.12,,,,,,
2024-10-01,,,,,,,,,,3725.02,,3326.14,,,2733.9,,,,,,,2141.3,,1948.0,,,,,,,,,,,,,,,,,,,1033.9,,976.5,,937.7,,860.0,,834.65,,,,734.76,,,,657.0,,588.9,,572.46,554.3,523.53,,480.86,,443.13,,403.46,,351.87,,325.9,284.19,274.24,257.99,239.94,216.65,204.0,186.33,179.7,160.4,141.04,130.2,113.02,94.37,89.88,83.4,68.66,,52.45,44.56,37.7,,27.9,22.7,19.6,15.31,13.5,11.42,9.7,8.1,6.49,5.75,,,3.65,,2.72,,2.2,,,,1.4,,,,0.7,,,0.5,,,,0.3,,,,,,,,,0.15,,
2024-10-08,,,,,,,,,,3759.08,,,,,2771.58,,,,,,,,,,,,1791.46,,,,,,,,1399.6,1288.8,,,,,1094.39,,,,997.43,,,,906.2,,,,823.91,,,,718.0,,,,,,590.45,,538.0,,500.6,,448.02,,404.99,,379.8,,,,293.37,258.31,256.0,239.46,221.82,208.5,191.5,168.19,157.0,133.2,126.4,113.5,100.95,84.0,79.76,,60.7,52.49,45.23,,31.04,,22.8,15.44,15.67,13.18,10.55,9.3,7.6,6.4,5.23,4.27,3.8,3.2,2.75,,2.21,,,,1.46,,1.01,,,,,0.5,,,,,,,,,,,,,,,
2024-10-09,,,,,,,,,,3804.86,,,,,,,,,,2300.0,,,,,,,1818.67,,,,,,,,1432.44,,1283.93,,,,,,,,,,,,,,,,861.74,,806.65,,,,,,,,621.99,,,,,504.23,458.9,,444.8,,404.2,,364.6,331.98,328.02,296.72,280.91,261.84,249.5,222.93,205.56,192.27,175.65,161.39,144.94,132.72,120.5,103.21,91.25,,73.18,63.68,52.7,47.39,38.84,34.5,27.9,23.04,20.0,16.92,14.87,10.2,10.5,8.7,7.5,6.48,5.5,,3.8,,3.23,,,,2.0,,,,,,,0.65,,0.42,,,,,,,,,,,,,
2024-11-18,,,,,,,,,,3899.0,,,,,,,,,,,,,,,,,1903.64,,1860.62,,,,,,,1411.85,,1318.0,,,1215.2,,,,1115.8,,,,1025.5,,,,918.55,,854.92,,796.24,,,,729.04,,670.0,,626.39,,,529.04,527.93,,487.48,,425.0,,393.69,,329.9,,,,243.76,230.17,209.27,188.1,169.9,147.79,128.3,113.6,99.27,82.44,69.7,55.83,48.0,36.9,30.47,24.2,18.57,13.9,10.5,7.8,5.9,4.64,3.2,2.35,1.75,1.46,1.0,0.97,0.68,,0.62,,0.35,0.41,,,0.35,,,,,,,,,0.1,,,,0.1,0.1,,,,0.05,,,,
2024-08-23,,,,,,,,,,,,3251.24,,,,,,,,,,2082.75,,,,,1690.25,,,,,,,,,,,1113.09,,,,,,,,,,,827.23,,,,748.9,726.2,,,619.51,,,,557.51,,510.74,,448.44,,407.56,,389.24,,350.0,,298.15,,269.66,,222.78,217.4,211.0,185.0,179.6,156.1,150.88,136.9,124.72,114.18,102.01,83.9,82.85,73.98,64.96,,51.2,47.39,35.0,,30.4,,21.1,,17.5,,13.1,,9.2,,,,6.4,,,,,,,,3.0,,,,,,,,,0.8,,0.7,0.5,0.4,0.35,,0.25,,,0.1,,,
2024-09-11,,,,,,,,,,,,3145.58,,,,,,,,,,,,,,,1583.95,,,,,,,,,1120.91,,932.56,,,,,,,820.6,,,,728.3,,,679.46,639.21,,,,490.42,,,433.0,,419.08,,354.5,393.96,,353.7,285.5,315.96,268.5,279.1,197.33,231.83,189.6,214.31,164.02,190.0,171.28,115.9,127.75,131.5,119.1,104.95,82.7,84.9,66.22,44.6,51.2,43.7,42.0,37.08,,28.35,,20.4,17.0,14.0,,11.1,7.95,8.4,6.6,,,,,2.6,2.32,,,,,1.48,,,,,,,,,,0.7,,,,,,,0.23,,,,,,0.1,0.1,,
2024-09-13,,,,,,,,,,,,3241.72,,,,,,,,2165.0,,2061.95,,,,,1682.85,,,,,,,,,,,,,,,,,,906.99,,,846.48,,,,,728.12,,,653.67,632.0,,,570.66,543.07,,493.0,,455.61,435.71,416.09,,375.28,355.02,,313.53,297.25,284.79,,248.01,226.5,216.07,194.58,182.77,167.03,146.3,136.4,121.92,109.7,103.6,88.7,82.09,69.0,64.58,53.36,,40.5,37.25,31.0,26.85,22.75,,16.66,14.5,12.0,10.55,9.36,,6.7,6.05,,,4.16,3.85,3.38,,2.71,,,,1.9,,,,,,0.82,0.62,,,,,,0.25,0.2,0.15,,,,,,,
2024-11-06,,,,,,,,,,,,3522.19,,,,,,,,2450.0,,2333.0,,,,,1905.09,,,1802.8,,,1607.84,,,,,1365.1,,,1245.9,,,,1144.2,,,,1059.85,,,,956.78,,,,862.0,,,789.0,755.49,,724.0,,,,597.62,,562.68,,,,482.9,,410.52,387.97,386.03,346.0,341.23,282.81,294.0,258.35,258.7,233.8,213.56,194.2,174.65,159.75,138.78,124.14,108.96,94.7,79.4,72.78,59.61,50.8,43.5,37.47,28.73,23.59,20.8,17.4,14.34,12.3,9.63,9.2,7.4,4.3,5.0,2.88,2.43,,3.21,,2.3,,2.05,,1.25,,1.1,,0.8,0.65,0.55,,,,,,,,,,,,,,
2024-07-09,,,,,,,,,,,,,,2828.0,,,,,,,,,,,,,1664.55,,,,,,1377.91,,,,,,,,,,,,914.71,,,,,,,,724.71,,,,640.51,,592.82,,557.1,,,492.31,470.08,,428.44,,388.7,,351.28,,317.28,,281.98,267.2,248.68,236.96,217.03,201.1,185.91,174.4,161.3,149.36,133.5,,115.23,,98.13,86.9,75.99,,61.73,,49.68,,39.62,,,,24.75,,,,15.1,,,,9.2,,,,,,,,,,,,2.07,,,,,,,,,,,,,0.2,,0.15,,,
2024-06-21,,,,,,,,,,,,,,,2531.59,,,,,2049.39,,,,,,1669.7,1569.37,,,,,,,1242.4,,1098.06,,1005.61,,,,,,,827.3,,,,733.23,,,,643.92,,,,562.48,,518.43,,478.17,,443.09,,405.13,,,,327.37,,292.88,279.1,260.0,247.1,,,201.59,188.5,174.63,162.2,150.73,138.5,125.9,115.0,108.19,99.23,89.85,81.55,73.07,67.0,63.6,,50.7,,,,32.21,,,,21.09,,,,13.5,,,,8.8,,,,5.9,,,,4.1,,,,,,,,,,,,,0.41,,,,,,,0.1,,
2024-06-24,,,,,,,,,,,,,,,2544.08,,,,,,,,,,,,1562.7,,,1491.4,,,,,1204.36,1096.42,,,,,,,,853.81,809.6,,,,,,,660.39,640.45,641.15,,,556.01,,517.57,,474.81,,,,397.21,,,,315.2,322.5,288.1,271.39,255.21,,,,194.68,185.47,171.74,158.9,148.1,128.61,122.41,,112.98,,87.0,79.2,71.5,61.41,59.3,,47.4,,,,33.68,,,,20.4,,,,11.76,,,,7.6,,,,5.3,,,,3.8,,,,2.2,,,,,,,,,,,,,,,,0.05,,
2024-07-03,,,,,,,,,,,,,,,2575.04,,,,,,,,,,,,1615.58,,,1511.28,,,,,,1147.66,,1048.43,,,955.48,,,,868.81,,,,769.16,,724.29,,685.4,,635.51,,599.52,,556.0,,510.51,,461.2,448.39,434.2,406.6,383.5,364.4,,327.3,311.72,291.5,285.33,268.28,250.0,233.9,216.9,204.9,190.3,,162.8,145.04,139.8,117.4,114.18,,91.61,,77.32,67.98,63.8,,50.5,,,,29.86,,,,16.8,,,,11.8,,,,,,,,4.9,,,,,,,,1.7,,,,,,,,,,,,,,,,,,
2024-08-15,,,,,,,,,,,,,,,2580.8,,,,,,,,,,,,1609.7,,,,,1380.3,1315.6,,,,,1023.38,,,,,,,820.0,,,,,,,,659.98,,,,,,522.12,,484.94,,424.62,,411.0,,346.36,,313.6,,295.68,259.5,259.91,226.12,227.71,211.61,192.8,178.15,165.63,145.95,138.8,126.5,,102.0,92.74,84.0,76.58,59.13,60.63,52.54,44.48,,35.53,,28.07,,20.15,,,,11.7,,,,7.1,,,,4.7,,,,3.25,,,,2.3,,,,,,,,,,,,,0.3,0.25,,,,,,,,
2024-10-11,,,,,,,,,,,,,,,2825.85,,,,,2344.0,,,,,,,1841.0,,,,,,,,,,,,,,,,,,,,,,967.59,,,875.29,881.15,,,,,756.89,,,664.54,,,,594.0,,528.4,,506.09,483.3,,,424.49,379.4,380.64,,340.61,,299.4,279.36,263.7,242.09,226.5,208.41,189.02,174.82,153.95,143.0,126.6,112.45,102.86,,77.8,70.2,60.6,52.2,46.7,38.6,34.5,29.5,24.7,21.24,18.05,15.18,12.8,11.0,9.4,7.64,6.6,5.92,,,3.81,,,,2.39,,,,0.97,,,0.75,,,,,,,,0.07,,0.08,,,,,
2024-10-23,,,,,,,,,,,,,,,2849.18,,,,,,,,,,,,1817.38,,,,,,,,,,,1239.3,,,1139.5,,,,1044.9,,,,,,884.95,,847.74,,,,,,732.34,,658.3,638.11,,,562.07,,511.5,,458.15,,425.35,,390.38,,373.26,,306.72,286.82,259.95,241.3,235.41,198.2,198.7,163.9,160.52,139.5,130.71,116.5,101.27,89.19,76.95,62.85,54.8,46.0,39.34,33.83,27.99,23.45,19.3,14.69,13.06,11.1,8.77,7.0,5.75,4.4,,3.37,2.83,,2.05,,1.6,,,,1.05,,0.85,,0.55,,0.5,0.45,,,,,,,,,,0.05,,,,,
2024-10-28,,,,,,,,,,,,,,,2849.0,,,,,2354.81,,2254.99,,2057.3,2032.3,1959.01,1859.12,1833.22,,,,,,,,1367.61,,1263.1,,,1165.3,,,,1066.39,,,,,,,,872.8,,,,,,,,683.93,,,617.01,588.61,,546.73,,496.9,,,,415.51,,366.48,,324.58,307.52,288.4,,244.75,,208.5,194.1,173.14,,139.45,126.1,110.61,96.8,84.65,71.83,62.15,52.19,44.3,38.4,32.09,25.64,21.2,17.45,14.49,12.19,9.9,8.02,6.45,5.47,4.5,,3.18,2.68,2.34,,1.77,,,,,,,,,,,0.55,,0.3,,,,,,,,,,,,,
2024-11-27,,,,,,,,,,,,,,,2996.16,,,,,,,,,,,,2008.6,,,,,,,,,1502.91,,1411.3,,,1315.6,,,,1216.0,,,,,,,,1015.0,,,,,,868.4,,817.62,,,,,,,639.0,619.8,,,,521.02,,,,422.61,412.5,,,323.58,,290.31,251.5,229.5,200.89,186.38,164.94,140.0,123.8,105.75,86.2,72.6,57.6,44.55,33.0,24.99,19.9,12.9,10.2,6.2,4.2,2.85,2.2,1.5,1.2,0.85,,0.55,,0.4,,0.32,,,,0.3,,,,0.2,,0.15,,,,,,,,,,,,,,,,
2024-12-09,,,,,,,,,,,,,,,3070.5,,,,,,,,,,,,2057.34,,,,1908.4,,,,1675.61,,,1474.6,,1440.72,1351.9,1339.96,,,1252.2,,,,,,,,1059.84,,1010.04,,,,,,877.9,,,,762.14,,738.94,,662.77,,,,562.92,,544.55,,467.73,,,406.61,365.9,,318.39,,270.28,272.47,228.5,204.7,180.2,,127.8,113.1,85.7,67.7,50.8,36.45,24.86,17.07,11.12,6.28,3.4,2.45,1.42,1.05,0.64,0.5,0.3,0.25,0.25,,,,0.19,,,,0.15,,0.1,0.1,0.1,,0.1,0.05,,,,,,,,,,,,,,,
2024-06-28,,,,,,,,,,,,,,,,,2333.95,,,,,,,,,,1568.49,,,,,1378.4,1310.24,,1176.4,1094.85,,1010.47,,,,,,,826.92,,,773.03,724.0,,,,642.95,631.67,584.9,,567.87,,511.5,,479.3,,,,402.2,392.38,376.17,357.52,310.47,,284.12,267.32,246.17,237.5,218.37,204.2,190.2,169.5,156.45,159.3,139.99,128.5,127.1,119.07,100.83,85.1,78.5,,60.68,59.6,51.06,,41.4,,32.1,,24.24,,,,15.82,,,,11.78,,,,5.88,,,,3.88,,,,3.25,,2.15,,1.75,,,1.12,,,,,,0.37,,,,,,,0.05,,
2024-08-13,,,,,,,,,,,,,,,,,,,,1962.5,,,,,,,1494.81,,,,,,,,,998.9,,,,,,,,,727.5,,,670.85,,,,,572.11,,507.95,,495.43,,419.24,,410.63,,349.3,,334.04,314.36,296.78,281.16,266.83,244.64,227.5,,197.31,,168.6,,142.3,,121.0,,100.5,,79.63,71.9,64.49,,50.61,44.7,38.14,,30.27,,22.98,,17.4,,13.0,,,,7.6,,,,4.1,,,,3.2,,,,2.3,,,,1.75,,,,1.05,,,0.7,,,,,,,,,,,,,,,
2024-08-27,,,,,,,,,,,,,,,,,,,,2175.0,,,,,,,1687.14,,,,,,,,,,,,,,,,,,918.31,,,,,,,,735.59,,,,,,,,,,505.48,,,,,,,352.95,,,308.95,,270.39,249.39,235.21,214.5,196.8,,171.25,156.0,141.5,125.9,119.4,107.1,96.5,83.5,76.2,70.0,58.59,,45.0,,35.63,30.25,27.03,,20.19,,15.5,,,,8.9,,6.56,,,,,,3.4,,,,2.5,,,,,,1.15,0.92,,,,,,0.3,0.25,0.25,,,,,,,
2024-08-28,,,,,,,,,,,,,,,,,,,,2144.0,,,,,,1777.92,1654.09,,,,,,,,,,,,,,,,,,,863.92,,,,,,,707.09,,,,626.9,,,,,,,465.6,449.26,,,,,,322.81,,282.0,259.6,241.61,,215.11,200.35,187.58,,153.5,142.2,127.5,116.04,102.7,98.4,82.65,70.6,66.78,,57.5,,39.8,,28.05,,22.64,,15.7,,11.75,,,,7.3,,6.1,,4.34,,,,,,,,2.02,,1.55,,1.2,,1.0,,,,,,,,,0.2,,,,,,,
2024-10-14,,,,,,,,,,,,,,,,,,,,2388.0,,,,,,,1872.39,,,1780.6,,,,,,,,,,,,,,,,,,,,,,,909.91,,,,,,,,728.98,,674.06,,627.91,,587.99,,,,502.8,,453.0,,410.52,,371.24,,334.0,,290.5,267.16,253.47,226.0,215.3,202.5,181.8,157.9,150.79,135.4,120.2,106.8,94.82,80.46,75.21,63.75,56.6,49.47,42.7,35.0,31.5,26.8,22.9,18.3,15.9,13.91,11.85,9.01,8.8,7.1,6.08,5.2,4.4,,3.5,,2.7,,,,1.22,,,0.7,0.55,,,,,,,,,,,,,0.1,
2024-11-08,,,,,,,,,,,,,,,,,,,,2515.82,,,,,,,2015.44,,,,,,,,,,,1423.8,,,1320.3,,,,1221.6,,,,,,,,1025.37,,987.59,,923.5,901.4,867.63,,828.57,,,744.87,721.41,,674.0,,644.02,600.03,579.0,,550.0,508.0,488.21,460.0,443.33,,393.35,373.06,363.1,328.27,302.7,293.3,274.1,241.12,221.1,199.7,177.3,166.44,142.02,125.7,109.5,96.0,82.15,71.1,59.9,53.05,42.02,34.97,29.25,23.44,19.5,16.35,12.7,10.5,8.3,7.37,5.6,,4.1,2.85,2.51,,,,1.4,1.05,0.81,,0.74,,,0.45,,,,,,,,,,,,0.05,0.05,,
2024-06-27,,,,,,,,,,,,,,,,,,,,,,,,1758.5,,,1566.94,,,1473.16,1425.03,,1294.98,,,,,,,,,,,,824.41,,,,735.15,,685.18,661.52,648.85,620.23,,580.79,554.92,547.05,524.5,,484.23,,448.11,,403.6,,360.16,,,,287.9,275.35,258.14,,224.6,218.6,194.1,178.68,170.52,161.6,144.06,,127.0,115.83,104.22,92.2,83.0,,70.49,,56.89,,45.8,,35.2,,31.0,,,,19.2,,,,,,,,6.95,,,,4.7,,,,3.3,,,,,,,,,,,,,,,,,,,,,,
2024-07-02,,,,,,,,,,,,,,,,,,,,,,,,1776.37,,,1589.09,,,,,,,,,,,,,,,,,837.17,,,,,,,,,657.09,,,,579.3,,,,479.44,452.82,,,407.7,,354.09,,325.0,299.94,299.8,279.43,264.2,245.78,235.11,203.38,204.1,,170.55,161.99,138.8,,121.7,105.2,98.56,,74.11,,68.51,59.2,50.2,,41.6,,34.88,,27.28,,,,15.8,,,,9.3,,,,5.8,,,,3.79,,,,2.65,,,,1.55,,,,,,,0.65,,,,,,,,,,,
2024-07-10,,,,,,,,,,,,,,,,,,,,,,,,,1889.0,,1682.41,,,,,,1413.74,,1334.81,,,,,,,,,964.15,941.66,,,872.05,,,782.76,,743.31,,,,649.71,,,,570.59,,515.2,,500.39,478.78,458.98,,431.9,377.4,374.65,355.87,354.09,,319.4,287.92,278.35,254.77,245.17,222.66,218.88,195.71,188.7,174.9,162.9,142.7,131.6,120.5,114.9,100.7,96.75,,79.8,,65.2,,52.8,,,,33.68,,,,20.96,,,,12.83,,,,7.5,,,,5.0,,,,2.44,,,1.4,,,,,,,,,,,,,0.1,,
2024-07-24,,,,,,,,,,,,,,,,,,,,,,,,,,1621.27,1544.65,,,,,1358.77,1258.24,,,,,959.66,,,,,,,,,,,690.82,,648.6,,604.07,,561.87,,522.0,544.64,523.89,,438.42,,,401.4,378.03,,342.8,323.38,293.28,,260.18,246.4,221.0,210.1,195.8,181.6,173.37,168.75,146.49,143.4,122.82,111.9,101.4,94.03,86.7,83.33,70.87,63.96,57.0,51.25,46.57,,37.73,,29.82,,23.26,,,,14.1,,,,8.73,,,,5.35,,,,3.63,,,,2.2,,1.62,,1.15,,0.95,0.8,,0.6,,,,,,,,,,,,,
2024-07-01,,,,,,,,,,,,,,,,,,,,,,,,,,,1567.46,,,,,,,,,1089.31,,,,,,,,833.5,,,,748.53,,686.9,,,638.26,611.53,593.21,,556.05,518.65,,474.45,461.9,,431.43,,392.7,,350.5,335.08,310.2,,,265.66,247.0,231.1,212.86,202.51,187.3,,159.69,147.12,134.8,124.86,110.75,101.4,91.43,80.75,76.02,64.69,59.44,56.0,48.7,,38.66,,30.43,,23.57,,,,14.19,,,,9.05,,,,5.49,,,,3.6,,,,2.55,,,,,,,1.1,,,,,,,,,,,,0.15,0.1,,
2024-07-08,,,,,,,,,,,,,,,,,,,,,,,,,,,1657.94,,,1570.03,1514.93,,,,,1188.0,,,,,,,,,,,,,,,764.43,,715.05,,,,631.6,610.13,582.77,,546.4,,508.5,481.2,463.52,444.2,425.2,404.87,387.0,365.6,345.8,332.5,306.7,296.9,272.01,,241.77,227.22,210.56,198.9,180.69,165.2,156.5,143.2,129.48,119.5,,,88.83,,73.39,,58.87,,49.95,,37.86,,,,23.6,,,,14.75,,,,9.0,,,,5.8,,,,4.0,,,,2.1,,,1.4,,,,,,,,,,,,,0.1,,
2024-07-17,,,,,,,,,,,,,,,,,,,,,,,,,,,1678.49,,,,,,1396.38,,,1202.59,,,,,,,,,,,,,835.17,,,,740.94,,,,656.2,,613.87,,,,528.61,,481.88,,444.33,416.0,407.07,,367.63,,331.52,,294.71,274.0,256.0,245.2,230.0,,195.57,187.6,173.2,161.18,147.4,142.4,127.1,115.5,103.77,94.73,85.92,,71.38,,59.13,,47.92,,,,31.14,,,,19.7,,,,12.12,,,,7.7,,,,4.9,,3.4,,,,,1.25,,,,,,,,,,,,,,,
2024-07-26,,,,,,,,,,,,,,,,,,,,,,,,,,,1557.0,,,1468.98,1421.03,,,,,,,,,,,,,,,,,,,,,,628.43,,,,540.0,,489.4,458.85,439.1,,,,373.79,,339.42,,308.0,,,,235.79,216.37,200.9,186.6,176.13,,145.69,143.2,123.86,,108.51,96.6,87.44,79.28,,64.3,59.63,52.13,45.05,,37.05,,28.95,,22.71,,,,14.3,,,,,,,,5.2,,,,3.5,,,,2.45,,1.7,,,,1.0,0.8,,0.55,,,,0.2,,,,,,,,,
2024-08-20,,,,,,,,,,,,,,,,,,,,,,,,,,,1666.04,,,,,,,,,1193.87,,,,,,,,,,,,,,,,,719.84,,670.11,,627.21,,,,,,,,454.6,,,,370.5,,333.74,,300.0,281.91,257.31,256.65,225.0,,200.3,185.29,167.42,151.91,138.8,124.9,114.8,105.3,95.2,82.5,74.3,66.4,59.46,,47.05,,34.75,,27.11,,20.3,,16.25,,12.4,,8.9,,7.1,,5.58,,,,3.51,,,,2.54,,,,,,,0.87,,,,,,0.25,,,,,,,,,
2024-08-26,,,,,,,,,,,,,,,,,,,,,,,,,,,1677.81,,,,,,,,,,,,,,,,,,,,,,,,,,725.79,,706.61,,,,591.59,,,,503.99,,455.21,,424.06,,,,,324.38,303.38,,267.59,,232.11,215.84,196.99,,166.55,,136.6,128.5,129.05,117.66,97.88,88.2,84.55,67.7,59.1,,45.15,,37.93,32.52,28.29,25.0,,,14.95,14.7,,,10.96,,,7.0,,,,,,,,,2.48,,1.83,,,,,1.1,,0.75,,,0.45,,0.3,,,,,0.1,,,
2024-08-30,,,,,,,,,,,,,,,,,,,,,,,,,,,1673.6,,,,,,,,,1187.23,,,,,,,,,,,,,,,,,728.58,,,,,,,,,,513.45,,482.0,,422.52,387.44,398.66,,322.8,,318.6,267.13,280.29,,242.6,202.8,178.5,193.27,173.87,138.0,133.7,,110.0,,82.0,69.4,61.3,52.4,47.95,,35.8,,33.2,22.7,24.85,17.54,15.7,12.4,10.96,,9.46,,6.4,,,,4.69,,,,2.65,,,,2.17,,1.42,,1.12,,,0.8,,,,,,,0.25,,,,,,,,
2024-09-03,,,,,,,,,,,,,,,,,,,,,,,,,,,1619.08,,,,,,,,,,,,,,,,,,847.5,874.21,,,750.0,749.3,,,675.82,,,,,,532.89,,482.5,496.51,447.63,428.6,399.9,,365.55,363.83,313.77,,294.0,,253.0,234.5,215.78,204.81,185.07,184.54,154.71,140.36,124.99,118.51,103.64,104.8,90.43,87.49,73.4,55.4,47.0,,52.35,,28.47,,21.02,20.8,15.4,13.5,10.74,10.75,7.95,,,,4.75,,,,3.1,,2.5,,2.15,,,,1.55,,1.24,,0.99,,0.79,,,,,,,,,,,,,,0.15,,
2024-09-04,,,,,,,,,,,,,,,,,,,,,,,,,,,1576.5,,,,,,,,,,1066.3,,,,925.69,,,,,,,,,,,,641.21,,,,,,517.43,,473.7,,441.95,,397.9,,358.31,347.49,316.95,,279.95,,242.83,229.5,218.26,,180.85,175.0,155.31,139.9,125.8,114.05,101.95,,81.45,,64.5,55.6,50.16,,38.2,,28.24,,21.17,,15.62,13.2,11.2,10.18,8.3,7.9,,,4.8,,,,3.3,,2.75,2.59,2.35,,,,,,,,,,,0.9,,,,,0.4,,,,,,,,,,
2024-09-05,,,,,,,,,,,,,,,,,,,,,,,,,,,1558.4,,,,,,,1218.0,,,,,,,,,,,800.14,774.9,,,,,,,619.19,,,,,,501.27,,,,,,398.89,,359.85,314.9,294.78,,260.53,243.9,225.68,214.4,196.88,,168.4,153.84,137.38,125.2,112.14,109.1,90.98,86.4,71.72,63.5,55.43,48.8,41.6,37.7,32.24,,24.8,,17.67,14.8,14.0,10.8,9.25,8.3,6.97,,,,,,,3.11,3.0,,,,2.0,,,,,,,,,,0.95,,,,,,,,,,,,,0.1,0.05,,
2024-09-10,,,,,,,,,,,,,,,,,,,,,,,,,,,1550.18,,,,,,,,,,,,,,,,,,784.3,,,,,,,,608.26,,,,520.15,,,,433.32,,,,,337.15,,,287.7,,251.83,234.51,218.54,183.56,178.32,172.3,158.0,142.5,131.7,119.2,108.0,96.4,87.15,77.35,69.0,60.56,50.95,41.7,39.85,,,,21.7,,16.05,13.25,11.65,9.75,8.7,7.45,6.5,5.6,4.9,4.25,3.8,3.35,3.07,2.75,,,,1.8,1.7,,,,1.3,,,,,,0.72,0.62,,,,,0.4,,,,,,,,,,
2024-09-12,,,,,,,,,,,,,,,,,,,,,,,,,,,1632.85,,,,,,,,1227.38,1164.16,,,,,,,,,,,,,,,,,692.5,,,,562.61,,,,490.0,,448.13,,405.2,,393.08,,356.99,310.38,314.7,270.32,277.77,260.28,222.47,229.5,207.9,193.39,174.57,,150.67,119.9,121.71,103.07,98.4,88.0,78.72,68.81,60.05,56.0,47.0,,34.89,26.55,25.89,23.03,19.38,,14.18,,10.35,8.9,8.15,7.12,,,,,3.64,,,,2.41,,,,1.67,,1.25,,,,,,,,,,,,,,,,,,,,
2024-10-25,,,,,,,,,,,,,,,,,,,,,,,,,,,1869.61,,,,,,,,,,,1246.5,,,1148.8,,,1120.84,1051.7,,,,,,,,851.92,,,,,,,,696.9,,659.74,,,,528.97,,517.97,,441.14,,399.68,,359.17,,319.27,328.92,277.1,,242.0,221.03,202.84,197.41,167.35,,133.5,117.75,105.9,108.35,79.58,84.68,58.5,51.7,42.13,35.3,29.27,24.2,19.6,16.03,13.1,13.14,9.0,6.97,6.03,,,3.34,2.78,2.33,2.15,,1.58,,1.15,,1.0,,0.75,,,,,0.41,,0.3,,,,,0.15,,,,,0.05,0.05,,
2024-11-04,,,,,,,,,,,,,,,,,,,,,,,,,,,1746.49,,,,,,,,,,,1150.9,,,1045.3,,996.1,971.6,948.4,,,,850.3,,802.3,778.0,755.45,,,,,636.6,612.7,590.2,578.1,541.69,527.0,497.8,473.0,453.5,445.75,410.1,388.6,,,,306.5,284.7,281.92,,237.39,219.27,196.5,181.0,168.57,150.5,131.19,122.53,105.05,98.16,79.93,70.28,57.22,49.16,42.1,36.35,29.3,23.67,19.35,15.81,13.25,10.85,8.85,7.8,6.0,4.94,4.2,3.7,2.97,2.65,,2.15,1.75,1.55,1.37,,1.25,,0.98,,0.87,,0.67,,,,0.4,0.3,0.3,,,,,,0.1,0.1,0.05,,,,,,
2024-10-24,,,,,,,,,,,,,,,,,,,,,,,,,,,,,,,,,,,,,,1249.5,,,1150.6,,,,1053.5,,,,,,906.01,,,,,,766.86,,,,,,,,,,,,480.42,,433.02,,390.77,,360.49,,316.68,,262.68,252.89,239.4,,201.8,181.8,167.4,151.2,138.0,120.0,105.7,90.05,82.2,68.31,60.3,50.19,42.81,34.9,29.3,24.7,19.63,17.3,13.14,11.2,9.25,7.76,6.3,,3.99,,2.64,,,,1.57,,1.27,,1.12,,,,0.57,,,,,,,,,,,,,0.05,,,,,
