Date,SPX241220P00200000,SPX241220P00400000,SPX241220P00500000,SPX241220P00600000,SPX241220P00800000,SPX241220P01000000,SPX241220P01200000,SPX241220P01400000,SPX241220P01600000,SPX241220P01800000,SPX241220P02000000,SPX241220P02200000,SPX241220P02400000,SPX241220P02500000,SPX241220P02600000,SPX241220P02700000,SPX241220P02800000,SPX241220P02900000,SPX241220P03000000,SPX241220P03100000,SPX241220P03200000,SPX241220P03250000,SPX241220P03300000,SPX241220P03350000,SPX241220P03400000,SPX241220P03450000,SPX241220P03500000,SPX241220P03550000,SPX241220P03600000,SPX241220P03650000,SPX241220P03700000,SPX241220P03750000,SPX241220P03800000,SPX241220P03825000,SPX241220P03850000,SPX241220P03875000,SPX241220P03900000,SPX241220P03925000,SPX241220P03950000,SPX241220P03975000,SPX241220P04000000,SPX241220P04025000,SPX241220P04050000,SPX241220P04075000,SPX241220P04100000,SPX241220P04125000,SPX241220P04150000,SPX241220P04175000,SPX241220P04200000,SPX241220P04225000,SPX241220P04250000,SPX241220P04275000,SPX241220P04300000,SPX241220P04325000,SPX241220P04350000,SPX241220P04375000,SPX241220P04400000,SPX241220P04425000,SPX241220P04450000,SPX241220P04475000,SPX241220P04500000,SPX241220P04525000,SPX241220P04550000,SPX241220P04575000,SPX241220P04600000,SPX241220P04625000,SPX241220P04650000,SPX241220P04675000,SPX241220P04700000,SPX241220P04725000,SPX241220P04750000,SPX241220P04775000,SPX241220P04800000,SPX241220P04825000,SPX241220P04850000,SPX241220P04875000,SPX241220P04900000,SPX241220P04925000,SPX241220P04950000,SPX241220P04975000,SPX241220P05000000,SPX241220P05025000,SPX241220P05050000,SPX241220P05075000,SPX241220P05100000,SPX241220P05125000,SPX241220P05150000,SPX241220P05175000,SPX241220P05200000,SPX241220P05225000,SPX241220P05250000,SPX241220P05275000,SPX241220P05300000,SPX241220P05325000,SPX241220P05350000,SPX241220P05375000,SPX241220P05400000,SPX241220P05425000,SPX241220P05450000,SPX241220P05475000,SPX241220P05500000,SPX241220P05525000,SPX241220P05550000,SPX241220P05575000,SPX241220P05600000,SPX241220P05625000,SPX241220P05650000,SPX241220P05675000,SPX241220P05700000,SPX241220P05725000,SPX241220P05750000,SPX241220P05775000,SPX241220P05800000,SPX241220P05825000,SPX241220P05850000,SPX241220P05875000,SPX241220P05900000,SPX241220P05925000,SPX241220P05950000,SPX241220P05975000,SPX241220P06000000,SPX241220P06025000,SPX241220P06050000,SPX241220P06075000,SPX241220P06100000,SPX241220P06125000,SPX241220P06150000,SPX241220P06175000,SPX241220P06200000,SPX241220P06225000,SPX241220P06250000,SPX241220P06275000,SPX241220P06300000,SPX241220P06325000,SPX241220P06350000,SPX241220P06400000,SPX241220P06450000,SPX241220P06500000,SPX241220P06550000,SPX241220P06575000,SPX241220P06600000,SPX241220P06650000,SPX241220P06700000,SPX241220P06750000,SPX241220P06800000,SPX241220P06900000,SPX241220P07000000,SPX241220P07100000,SPX241220P07200000,SPX241220P07400000,SPX241220P07600000,SPX241220P07800000,SPX241220P08000000,SPX241220P08200000,SPX241220P08400000,SPX241220P08600000,SPX241220P08800000,SPX241220P09000000,SPX241220P09200000,SPX241220P09400000,SPX241220P10000000
2024-06-25,0.05,,,,,,,0.4,,,1.25,,,,2.8,3.5,,,5.0,,6.0,,6.7,,7.77,,8.5,,,,10.88,,12.4,,,,,,14.3,,15.0,,,16.9,17.4,,,,19.0,,21.57,,22.75,22.64,24.5,,24.95,,28.0,,29.9,,,,32.98,,35.34,36.95,39.6,,42.11,,45.19,49.26,51.0,53.24,53.3,55.5,58.67,,63.4,67.0,70.1,,75.73,83.3,83.27,88.8,91.47,96.95,,,111.15,,122.21,,134.18,145.49,148.6,159.6,162.74,,182.3,,203.13,217.0,227.42,235.58,245.8,258.57,,288.28,301.9,,331.72,,376.25,,,,438.6,,,,,,,,,,,,,,,,,,,,,,,,,,,,,,,,,,,,,,3508.4,,
2024-07-25,0.05,,,,,0.17,0.25,,,,1.22,,2.61,2.7,,3.6,4.2,5.4,5.7,6.01,6.9,,7.7,8.15,8.5,,9.76,10.8,10.91,10.53,10.8,,13.63,12.91,14.25,,15.0,15.0,,17.0,17.51,,,19.24,20.54,18.0,,23.3,,22.05,21.7,,27.9,,29.85,,31.0,29.2,33.0,32.92,35.0,38.7,38.5,39.7,37.5,,39.99,,44.64,45.2,48.13,50.93,56.92,52.95,53.1,59.4,61.28,65.4,64.63,65.3,83.25,72.67,89.06,86.12,91.98,91.67,100.5,103.57,115.79,108.6,128.71,121.73,141.41,133.22,137.47,153.5,175.0,179.06,170.64,178.69,205.11,219.8,230.9,223.5,234.8,234.5,245.2,,297.2,,,,347.79,,379.5,,,,,,450.68,,,,,,,,,,,,,,,,,,,,,,,,,,,,,,,,,,,,,,,,
2024-08-05,0.05,0.05,,0.3,0.2,0.95,1.7,3.3,2.85,8.4,5.6,10.0,13.6,11.4,10.6,14.58,26.8,18.3,18.3,22.1,19.1,22.5,23.7,25.1,26.2,26.8,29.5,27.0,28.4,29.9,34.6,33.1,39.0,40.0,36.9,42.1,39.0,40.1,45.6,46.8,50.2,49.4,50.7,47.6,51.9,50.5,56.81,53.6,59.0,60.7,68.8,65.4,74.32,69.6,71.6,73.8,70.7,77.05,87.62,80.73,93.09,89.2,92.6,95.4,102.09,101.6,104.9,107.9,109.36,115.3,119.1,122.0,124.36,130.2,140.57,139.1,153.1,161.88,160.37,173.04,173.52,171.1,177.0,183.2,189.5,196.2,203.1,210.3,232.0,225.6,244.55,253.06,262.11,276.1,288.6,274.37,280.17,295.5,305.63,319.4,337.75,397.2,423.4,,388.32,410.3,,437.7,452.4,,,515.02,,641.45,,,659.09,,,,700.76,,,,,,,,926.54,,,,,,,,,1219.5,,,,,,,,,1708.83,,,,,,,,,,,,3833.69,,
2024-08-07,0.05,0.05,0.07,0.1,0.45,0.7,0.71,,2.03,3.3,4.6,6.7,8.5,8.8,9.5,8.82,10.87,,13.6,14.8,16.05,,16.0,14.9,19.7,,21.0,16.5,24.63,,28.3,26.1,30.2,29.5,,32.79,29.4,25.7,31.5,39.02,36.8,29.35,34.69,30.37,30.55,,41.25,51.0,49.0,52.36,40.8,,58.5,44.7,47.0,48.43,66.97,54.7,70.59,63.21,76.2,70.67,78.82,82.07,85.75,77.36,95.54,87.71,103.45,98.36,103.8,99.6,112.7,105.01,122.93,91.28,129.8,139.94,141.05,143.8,161.6,119.5,161.01,152.99,182.0,188.26,174.5,202.0,209.8,225.2,228.31,225.97,239.6,246.5,267.56,264.67,255.2,291.1,238.58,,322.4,,350.01,,314.88,,,,364.36,436.35,,,,,531.32,,,,,,620.95,,,,,,,,,,,,,,,,,,,,,,,,,,,,,,,,,,,,,,,,
2024-09-19,0.05,,,,,,0.14,0.24,0.35,,0.67,,1.25,1.4,,1.9,2.2,,2.75,3.07,3.5,3.6,3.9,4.0,4.5,4.8,4.8,5.3,5.6,6.0,6.3,6.5,7.0,7.2,7.2,7.45,7.7,7.85,8.1,8.5,8.56,9.0,9.3,9.5,9.55,10.1,10.2,10.45,11.03,11.4,11.4,12.0,12.3,12.6,13.2,13.5,14.2,14.3,15.1,14.6,15.4,16.2,16.2,16.79,17.7,18.01,18.5,19.9,20.05,21.2,22.3,22.89,23.21,24.59,24.8,26.56,26.97,28.14,30.0,30.4,31.5,33.9,35.4,36.84,37.97,40.87,41.4,44.74,44.9,47.73,49.2,54.7,55.2,57.05,59.99,65.05,68.03,72.19,74.1,77.71,83.95,91.22,94.3,99.2,102.66,110.23,113.85,123.3,131.5,138.21,149.12,159.0,167.7,,,,211.41,,,,280.23,,,,,,,,,,,,522.16,,,,,714.3,,,,,,,,,,,,,,,,2384.6,,2777.76,,3187.31,3384.76,,
2024-09-20,0.03,,,,,0.07,0.1,,0.3,,0.6,0.81,1.15,1.25,1.53,1.7,1.92,2.3,2.6,2.9,3.2,3.35,,3.8,4.1,4.2,4.7,4.9,5.3,5.4,5.8,6.5,6.5,6.7,7.1,7.1,7.3,7.4,7.8,8.0,8.2,8.4,8.7,9.1,9.5,9.8,9.54,9.89,10.1,11.0,10.7,11.7,11.9,12.3,12.7,13.2,13.3,14.0,14.4,14.99,14.5,15.2,17.0,,17.8,18.13,19.1,19.48,20.3,21.8,21.0,22.62,22.7,24.42,25.9,26.6,26.7,29.4,29.0,31.1,31.73,,34.37,38.1,39.82,41.67,40.82,45.08,44.92,51.3,50.8,,54.2,60.93,61.0,69.5,72.7,70.7,80.8,86.3,85.03,90.0,92.69,105.9,106.48,111.18,116.15,128.38,131.23,145.43,151.65,158.57,172.98,,199.8,,,,,,299.91,,,,,,,,,,,,,,,,,731.47,,,,,,,,,1227.8,,,,,,2230.43,2421.47,,,,3189.66,3395.07,3603.77,4177.31
2024-10-07,0.05,,,,0.05,0.1,,,0.5,,0.9,,1.75,1.78,1.8,,2.9,3.48,3.91,4.3,4.41,4.9,,5.8,5.9,,6.5,7.3,7.7,,,7.23,7.9,,,,10.7,10.5,10.5,11.0,11.2,9.59,9.86,12.5,12.38,12.9,13.3,,13.93,,14.8,15.1,15.4,15.9,15.57,,17.2,17.9,18.3,,19.4,20.1,20.9,21.2,21.9,,23.6,,25.0,25.9,26.8,27.9,28.8,29.8,30.52,32.4,32.34,34.3,36.1,30.7,37.99,,42.6,,45.03,46.85,50.9,47.87,55.3,57.05,61.5,64.23,67.35,62.47,75.4,78.34,82.25,85.72,92.04,93.91,98.87,103.96,112.35,,121.5,130.78,133.76,,152.35,159.13,167.0,176.5,188.35,202.0,214.94,222.32,236.65,238.6,273.83,,274.36,,,,344.66,,,,,,,,,,,,662.94,,,,,,,,,,,,,,,,,,,,,3224.72,,,4214.47
2024-08-06,,0.07,0.05,0.15,0.4,0.4,0.8,,,2.55,3.4,3.9,6.0,8.0,7.4,7.92,9.2,10.3,8.9,12.8,11.5,15.1,14.3,14.1,17.2,19.9,13.73,17.0,19.65,20.1,25.0,26.5,24.51,,30.3,,30.8,,26.0,31.89,37.9,33.16,33.95,40.3,32.99,,34.3,,41.1,49.31,43.54,47.53,52.04,,53.3,53.7,54.84,62.22,57.32,58.4,68.7,60.0,74.87,81.36,84.5,88.5,89.86,82.23,93.3,88.73,100.9,96.4,108.45,123.28,119.12,110.2,126.5,116.29,118.12,159.75,151.88,133.2,163.53,151.9,157.5,157.47,168.63,203.4,203.93,173.4,219.93,203.91,214.66,221.6,257.25,236.9,244.8,260.1,288.76,275.0,304.7,,323.57,,412.0,341.1,351.2,,385.93,486.31,,,505.81,,,,,,,,628.19,,,,,,,,,,,,908.31,,,,,,,,,,,,,,1590.98,,,,,,,,,,3365.12,,,,
2024-08-02,,,0.05,0.05,0.15,0.5,0.9,,,2.85,3.9,4.77,6.2,6.53,6.6,7.3,10.0,10.94,8.9,10.0,12.38,8.85,15.0,,15.27,,16.05,21.28,17.66,18.37,22.71,27.0,22.2,,24.3,,25.35,32.78,,28.41,28.2,36.88,,,31.2,32.2,33.52,43.1,37.8,,47.92,41.7,51.57,48.71,48.8,57.2,48.42,49.9,52.17,63.0,58.5,55.09,71.05,74.33,75.73,67.1,69.7,73.12,71.73,73.9,83.81,94.1,84.06,90.32,88.6,109.83,102.55,105.5,110.85,118.9,113.4,126.48,131.56,127.8,132.81,137.2,148.6,173.99,157.28,177.53,171.78,177.96,186.71,222.05,208.8,209.8,218.8,230.2,247.4,257.9,268.6,272.7,295.8,266.3,284.0,,353.07,,366.22,,,,,,,495.88,506.06,,557.9,,586.56,,,,691.82,,,,780.78,,,,,,,,,,,,,,1257.11,,,,,,,,,,,,,,,,,,
2024-08-13,,,0.05,,,0.3,0.4,0.62,,,1.75,,2.89,3.17,3.8,,,,5.3,,,8.1,,8.72,8.0,9.8,,,10.8,12.0,12.2,13.35,12.3,,15.48,,16.48,15.5,,,16.0,16.2,17.7,,17.7,18.5,22.22,22.3,20.29,,22.0,25.54,23.2,23.99,28.8,30.3,27.1,27.9,32.79,31.9,31.5,,36.65,35.5,40.05,38.0,42.17,,50.5,,50.82,51.9,58.0,,58.36,67.9,61.2,72.8,67.02,,73.55,86.87,79.52,98.4,87.07,105.3,97.5,102.1,106.0,124.47,115.82,123.0,127.17,136.64,139.46,150.2,152.96,165.41,174.6,,191.9,217.47,239.18,,232.61,270.7,,276.6,280.76,,,,,,,,,,,,513.3,,,,,,,,709.35,,,,,,,,,,,,1095.99,,,,,,1470.52,,,,,,,,,,,,,,
2024-09-13,,,0.05,0.05,0.1,0.1,0.15,0.25,,0.55,,1.0,1.35,1.55,,2.2,,,2.95,3.2,3.8,4.0,4.2,,4.9,5.1,5.4,5.8,6.1,6.4,6.8,7.2,7.6,7.9,8.1,8.3,8.6,8.8,9.0,9.3,9.6,9.9,10.1,10.4,10.7,11.1,11.3,11.85,12.1,12.5,12.9,13.3,13.8,14.2,14.7,15.1,15.7,16.2,16.8,17.3,18.0,18.7,19.4,20.1,20.9,21.8,22.6,23.3,24.5,25.5,26.6,27.5,28.55,30.16,31.2,32.6,33.9,35.5,37.1,38.9,41.0,42.94,43.1,44.87,49.55,51.65,53.8,58.08,60.03,60.99,66.48,69.25,73.27,74.22,81.35,86.5,90.12,94.33,99.4,101.49,111.75,116.28,122.95,131.75,138.5,147.75,155.97,,172.53,186.5,,208.85,219.26,,,,,,,,351.86,,385.22,,430.11,,,,,,,,,,,,752.07,,,,,,,,,,,,,,,,,,,,,3258.81,,,4245.11
2024-08-08,,,,0.1,0.3,0.73,0.9,,2.0,,3.32,4.59,,6.3,7.2,7.62,8.41,9.69,10.6,11.65,14.4,13.49,15.1,14.9,15.6,,17.27,,19.38,,21.9,,23.62,23.1,24.3,,25.8,,27.82,30.79,28.9,31.01,30.78,,32.53,46.3,33.3,35.2,38.4,38.89,,38.91,41.4,43.1,44.96,46.55,47.7,49.71,51.25,,57.59,61.0,,,64.0,66.63,68.93,,74.73,80.67,83.43,83.32,89.88,90.97,94.33,103.9,106.17,105.35,110.24,114.8,115.74,122.82,124.14,134.93,138.73,151.62,156.56,159.61,159.69,170.96,173.09,189.26,193.17,201.54,210.1,219.9,235.5,232.78,244.58,256.93,267.7,,,,319.52,343.44,366.9,,,,,,486.69,,,,,,,,600.0,,,,,,,,784.59,,,,887.61,,,,,,,,1170.61,,,,,,1570.02,,,,,,,,,,,,,,
2024-08-12,,,,0.05,0.15,0.25,0.4,,1.0,,,2.66,3.0,4.3,4.1,,5.17,,6.8,6.4,7.09,,9.1,10.4,10.2,10.7,10.0,,10.55,11.4,12.64,15.3,14.21,,16.0,14.44,19.2,,18.4,,17.7,18.74,,21.1,24.1,20.5,23.3,,26.33,22.5,29.4,25.79,31.55,32.5,33.7,34.3,34.66,,39.5,,42.0,40.55,,,49.88,,44.3,49.15,55.2,53.0,62.0,63.94,68.1,71.0,72.69,75.98,80.0,82.9,89.4,89.4,95.7,102.6,106.68,108.0,118.11,119.4,128.49,128.6,133.71,142.5,151.3,159.5,161.23,168.7,162.98,,192.9,207.08,217.0,,220.26,,253.7,271.01,285.55,307.4,,,357.73,,,406.08,,,,,,,,,587.06,,,,679.96,,,,772.83,,,,,,,,,,,,1161.05,,,,,,,,,,,,,,2912.69,3116.68,,3510.01,,,
2024-09-25,,,,0.05,0.1,0.1,0.1,0.12,0.25,,,,1.0,,,1.45,,1.95,2.2,2.45,2.9,,,3.4,3.81,3.9,4.2,4.5,4.7,4.9,5.2,5.6,5.9,6.1,6.3,6.5,6.7,6.8,7.0,7.2,7.5,7.6,7.9,8.1,8.3,8.5,8.8,8.9,9.3,9.6,9.8,10.1,10.4,10.7,11.02,11.3,11.7,12.2,12.4,12.8,13.6,13.7,14.4,14.6,15.1,16.1,16.5,17.2,17.7,18.1,18.7,19.9,20.2,21.6,22.7,23.7,24.4,25.2,26.2,28.1,28.95,30.7,32.2,33.7,35.4,35.9,38.58,39.8,42.3,42.5,47.28,49.63,51.1,51.6,58.41,58.05,65.3,,72.5,76.78,82.0,85.48,90.45,95.75,100.13,108.03,114.47,,128.39,136.1,144.0,150.22,161.8,169.44,175.95,,203.69,,241.65,,274.3,,306.75,,,,,,,,,,,,,,665.37,,,,,,,,,,1196.0,,,,,,,,,,2984.54,3181.94,,,
2024-10-29,,,,0.05,0.05,,0.05,,,,0.2,0.38,0.45,0.62,0.75,,0.95,,1.27,,1.6,,1.95,2.1,2.2,,,,2.85,2.75,2.95,,3.4,,,,4.22,3.8,,3.99,4.2,,4.6,,4.51,,,,,,5.43,5.6,6.0,,6.4,6.5,6.78,6.8,7.1,,7.95,7.5,8.3,8.03,8.4,,9.4,9.23,9.9,,10.5,,11.7,11.78,12.3,,13.0,14.36,13.84,15.2,15.01,16.3,17.56,17.9,18.69,20.32,20.2,22.44,23.4,24.2,25.25,32.7,29.6,36.6,32.6,37.24,36.33,37.41,41.92,45.45,45.9,49.77,52.06,58.6,61.52,65.97,69.38,74.99,79.3,86.43,91.15,94.97,106.62,110.0,118.65,127.0,137.84,,160.14,,190.25,,226.67,,264.71,,,,,369.88,,,423.0,,486.85,,,,,,,,,,,,,,,,,,,2301.76,,,,,3294.21,,
2024-06-24,,,,,0.1,,0.26,,,,1.25,,,,3.0,3.4,,,5.0,,6.5,6.85,7.3,7.7,,8.6,9.0,,10.16,,11.35,,,,,,14.32,,14.97,,16.0,16.29,16.55,17.21,17.55,,18.58,19.24,20.1,,21.85,21.76,23.1,,24.82,25.39,26.68,26.4,27.45,,29.66,30.1,31.15,,34.8,34.7,37.7,38.9,39.16,,44.88,43.7,47.05,48.95,51.15,53.5,56.0,57.49,60.3,60.8,65.68,66.8,72.64,78.31,78.83,80.61,86.37,90.4,94.34,98.84,104.15,110.3,119.06,120.89,127.02,,144.04,139.46,151.9,161.5,169.5,,185.1,194.5,204.57,216.53,229.76,,259.0,,,,,,,,,,,,,,,,,,,,607.33,,,,,,,,,872.5,,,,,,,,,,,,,1933.18,,,,,,,,3489.13,,
2024-07-08,,,,,0.07,,,,0.45,0.65,,1.2,1.55,1.85,2.12,,2.8,3.2,3.6,4.0,4.45,,4.9,,5.5,,6.2,,6.9,7.4,7.86,8.3,8.9,,9.2,,9.9,10.2,10.35,,11.02,,11.7,12.2,12.5,,,,14.1,,,15.7,16.1,,17.37,,18.5,19.2,,20.5,21.25,22.13,22.9,23.7,24.71,25.6,26.67,,28.7,30.58,31.2,32.77,34.37,35.59,37.03,38.73,40.41,42.17,44.02,46.13,48.4,50.6,52.73,55.24,57.61,60.42,63.32,66.97,69.8,73.67,,,84.37,89.88,93.78,99.1,103.04,108.5,113.8,120.2,127.5,133.68,141.0,148.38,157.1,,173.62,183.95,193.0,201.3,213.36,222.1,,253.06,269.0,,,,,,367.65,,,,,,,,,,,,,,,,,,,,,,,,,,,,,,,,,,,,,,,,
2024-07-10,,,,,0.05,0.1,,0.25,,,0.85,1.05,,1.75,,2.35,2.65,2.95,3.4,,4.2,,4.8,,5.4,,5.8,,6.8,,7.6,7.95,8.5,8.5,8.88,,9.6,9.9,10.1,,10.6,,11.3,,11.92,,13.1,13.2,13.6,,14.4,15.4,15.2,16.4,16.45,17.0,,,18.8,19.7,20.2,,21.68,22.4,23.26,24.2,24.86,26.08,27.1,,29.3,,31.7,,36.35,36.36,37.0,38.9,40.2,42.6,43.87,46.2,47.87,51.07,51.92,55.6,57.21,61.0,63.79,66.8,69.61,72.9,76.6,84.5,82.98,89.4,93.7,99.1,103.95,115.7,112.15,121.4,124.18,134.3,140.99,148.2,156.3,165.0,170.77,184.2,194.48,205.3,212.78,,,,285.42,300.77,,,323.44,,,,,,,,,,,,,,,,,,,,,,,,,,,,,,,,,,,,,,,,
2024-07-15,,,,,0.07,0.1,,,0.4,,0.85,1.07,1.35,1.55,1.8,,,2.75,3.3,,4.2,,4.5,,5.2,,5.91,,6.6,7.1,7.0,,8.5,,9.1,9.2,9.5,,10.3,,10.8,,10.73,11.55,11.41,,12.5,,13.3,,14.15,,15.75,15.9,16.8,,17.45,17.88,,18.8,20.2,19.9,20.9,23.2,24.1,23.9,25.9,,25.63,26.68,28.85,28.99,31.7,30.47,33.48,33.02,37.16,38.0,39.5,39.09,44.27,,48.6,48.8,52.0,52.82,,57.83,62.91,62.8,65.28,69.0,77.5,76.72,79.3,87.6,92.29,94.54,101.3,103.17,111.89,111.0,123.79,137.2,141.08,152.1,150.5,158.68,175.92,177.2,186.9,197.3,210.6,222.5,233.5,,259.8,,,,327.82,,,,,,,,,,,,,,,,,,,,,,,,,,,,,,,,,,,,,,,,
2024-07-24,,,,,0.05,0.2,0.25,,,,1.1,,,2.35,3.2,3.5,,4.3,5.6,5.8,6.4,7.07,7.1,,8.6,,8.7,,11.32,11.0,11.65,,14.5,,14.8,14.08,16.0,,17.3,,18.43,18.0,19.0,17.8,20.2,17.9,17.05,,22.8,21.68,21.4,25.1,25.9,26.77,27.67,26.0,27.83,28.22,33.2,28.51,35.76,36.6,32.77,38.87,39.2,37.8,,41.7,47.6,48.63,51.16,52.07,54.21,56.77,57.75,62.48,61.45,67.8,68.3,67.58,78.55,79.58,85.33,88.13,93.23,94.58,100.63,104.8,112.0,109.35,121.45,124.2,135.11,130.54,145.9,153.38,157.2,,162.02,168.6,191.4,199.9,212.8,223.3,229.0,240.3,254.63,253.2,266.35,,,,323.59,,371.3,,380.44,,,,462.05,,,,,,,,659.59,,,,741.41,,,,,,,,,,1109.1,,,1329.78,,,,,,,,,,,,,,,
2024-07-29,,,,,0.05,0.1,0.2,,0.45,,0.85,,,,,,3.3,3.8,4.4,5.0,5.15,,5.73,6.2,6.4,,7.32,,,,,10.7,,,,,11.9,,,,14.25,,,,15.0,15.9,,,18.4,18.1,,,20.0,21.0,,,23.4,,25.26,26.3,27.4,,,,31.7,,34.5,,38.0,40.96,40.31,,43.95,46.92,49.7,,,56.08,58.73,61.55,62.68,65.7,68.98,72.62,75.66,82.02,83.3,90.9,92.35,96.61,101.33,111.93,111.78,,123.6,133.7,138.35,,,158.48,170.7,173.87,191.41,199.2,210.1,216.3,233.0,247.68,258.33,274.1,,303.4,331.01,,361.8,,,,,,451.02,,,,,,,,,,,,,,,,,,,,,,,,,,,,,,,,,,,,,,,,
2024-08-09,,,,,0.2,,0.82,1.04,1.7,2.05,2.45,3.83,4.9,5.0,6.7,6.5,7.2,6.7,7.6,8.3,9.03,10.4,12.5,12.3,11.5,,13.0,15.35,,16.0,16.9,17.8,18.8,17.4,17.8,20.3,19.82,19.4,22.2,22.1,20.3,24.2,24.9,24.69,26.7,26.8,28.1,26.6,29.0,30.65,30.4,33.3,32.0,33.3,34.2,35.5,36.8,38.9,46.94,41.9,43.3,,49.6,50.62,49.08,65.8,53.6,,57.98,64.27,69.1,71.3,68.2,,80.16,93.3,84.01,91.0,92.47,96.47,97.1,106.24,106.92,112.63,117.67,132.51,143.1,145.7,141.05,166.1,151.38,161.48,162.95,176.85,183.07,189.8,196.74,209.62,218.24,,240.34,,,,292.3,322.6,318.5,,,,,,,,,,,,,,581.4,,,,681.02,,,,,,,,,,,,,,,,,,,,,,,,,,,,,,,,,,,,
2024-08-14,,,,,0.05,,0.3,0.5,0.77,1.1,,,,2.65,,3.2,3.71,,4.59,5.0,5.5,,6.1,,6.6,,7.54,8.0,9.0,8.9,9.31,,10.33,10.8,11.2,11.6,11.66,,11.95,,12.92,,13.9,14.44,14.9,,15.94,17.1,17.5,18.3,18.4,18.8,19.5,,,22.0,22.87,23.32,27.07,25.13,26.11,27.49,31.75,33.05,31.52,,35.19,34.9,37.75,38.59,40.5,41.4,44.1,47.6,48.3,49.54,51.86,54.33,60.42,,62.12,,70.15,,75.2,,87.33,91.3,92.1,97.97,101.72,111.7,111.1,122.0,122.7,135.3,136.81,149.98,157.58,166.0,166.51,184.3,190.71,,213.29,226.3,,,259.6,,,,,,,,,,,,,,,,,,,,686.0,,,,,,,,,,,,1072.83,,,,,,,,,,,,2433.98,,,3025.31,,3415.48,,,
2024-08-16,,,,,0.05,0.15,0.25,0.4,0.65,,,,1.9,2.15,2.5,2.87,3.1,,4.0,4.4,,5.3,5.87,,6.1,,7.22,7.4,,8.0,,9.3,,,,,,,11.6,11.8,11.6,11.85,,12.7,13.4,14.0,14.0,14.7,15.2,15.1,,16.4,16.9,,,,19.36,20.0,21.0,21.9,22.34,23.38,24.03,25.0,26.06,27.1,28.0,29.5,29.9,,32.9,34.1,35.95,37.1,39.13,42.5,42.2,44.49,46.38,48.7,49.8,51.53,55.27,57.19,60.12,64.38,66.84,71.1,72.1,74.72,76.96,82.1,87.03,91.99,96.53,103.1,108.0,119.04,118.1,123.7,131.0,,145.37,160.46,164.02,181.41,181.85,198.42,,,223.72,239.95,,,,,,,,,395.2,,,,,,,,561.99,,,,,,,,,,,,944.53,,,,,,,,,,,,,,,,,,,,
2024-08-22,,,,,0.05,0.12,0.3,,,0.9,1.35,,,,3.2,,,4.3,4.8,,5.85,6.3,,,,,,8.3,,,,10.7,10.8,,,11.71,10.95,12.7,,,14.05,,,15.5,15.9,,16.7,,17.46,,18.39,19.2,20.5,,,18.5,22.5,23.7,24.0,,25.8,23.3,27.66,27.4,30.4,31.17,,32.0,34.8,,,38.2,39.88,41.9,43.57,,46.9,48.98,50.8,,54.19,51.25,58.51,,65.26,,71.6,73.6,77.6,79.26,84.4,88.53,92.2,,100.96,106.3,110.82,116.0,121.95,124.33,135.82,124.3,144.91,145.9,162.16,170.95,173.5,,206.4,198.31,203.21,200.03,227.33,,,,,294.1,,,383.49,,,,,,,,,,,,,,,,,,,,,,,,,,,,,,,,,,,,,,,,
2024-08-30,,,,,0.05,0.1,0.2,0.3,,,,,1.55,1.8,,2.35,2.55,3.0,3.3,3.6,,4.3,4.6,,5.3,5.6,5.9,6.3,6.6,7.1,7.4,7.9,8.4,8.6,8.6,9.0,9.3,9.5,9.8,10.1,10.4,10.7,11.0,11.4,11.7,12.1,12.1,12.9,13.2,13.6,14.0,14.5,15.0,15.4,15.18,16.5,16.18,17.6,18.2,18.5,18.42,20.1,20.8,21.6,21.9,23.1,24.15,24.9,25.9,26.8,,28.8,29.4,31.2,30.62,31.5,33.28,36.6,38.0,39.6,39.18,42.3,43.94,,46.48,54.0,57.7,,55.22,61.25,60.06,74.6,65.88,73.77,73.55,80.7,80.72,85.4,88.52,94.37,98.48,117.1,111.8,130.7,121.83,131.58,136.9,144.53,161.7,174.5,197.75,,210.2,,,,,,,,335.63,,,,412.77,,,,,,,,,,,,736.95,,,,,,,,,,,,,,,,,2495.14,,,,3243.08,3479.29,,
2024-09-03,,,,,0.1,0.2,,,,0.7,,,3.0,2.9,3.93,4.36,5.2,3.6,6.3,7.1,6.42,8.3,9.1,9.4,9.82,9.3,11.3,11.48,11.0,11.7,12.2,12.5,14.7,14.1,14.4,14.9,15.3,15.7,16.2,16.5,19.1,17.6,18.1,18.6,20.64,21.8,20.6,19.1,20.0,17.13,25.82,25.5,27.37,25.0,25.6,26.6,28.4,28.3,27.9,28.8,33.49,32.1,33.8,34.3,36.8,36.9,36.3,39.4,41.5,44.3,39.5,48.0,50.69,35.7,49.87,38.1,58.4,,62.83,63.7,66.0,70.8,71.7,71.9,75.2,78.0,86.7,84.73,88.43,98.1,102.2,103.4,105.2,116.4,114.6,118.3,125.7,117.1,136.2,144.0,152.43,166.0,164.54,190.94,188.37,191.9,210.0,171.8,243.66,,,,255.7,,,315.89,,300.2,,,,,,,480.2,,,,,,,,,,,,810.79,,,,,,,,,,,,,,,,,,,,,3318.48,,,
2024-09-04,,,,,0.05,0.25,0.51,0.55,0.9,,,2.28,3.1,,3.78,,,6.5,5.3,,7.2,7.4,7.3,9.4,9.9,10.4,10.4,11.6,12.3,12.9,13.5,14.3,,15.4,15.8,16.2,16.7,17.1,17.6,18.1,17.55,19.1,19.6,18.9,18.8,23.0,20.6,22.7,22.91,23.9,24.84,24.1,26.2,27.0,28.0,28.3,29.8,29.8,31.6,32.6,31.43,32.7,,,36.0,,38.75,37.76,39.84,,45.36,,48.0,53.41,49.38,56.28,56.5,60.4,59.5,53.8,67.01,,73.0,64.4,82.33,84.01,84.97,88.62,97.3,86.36,98.55,105.0,107.85,115.73,118.8,124.6,139.4,133.98,142.15,154.83,163.3,161.97,167.97,179.6,194.37,206.4,203.33,,240.19,,250.67,,270.8,,,,,,,,,,,,,,,,,,,,,,,,,,,,,,,,,,,,,,,,,,,,,,,,
2024-09-05,,,,,0.05,0.25,,,,1.15,1.3,,,,,3.45,,5.0,5.0,5.6,,6.6,6.94,,7.6,8.0,8.5,9.4,9.3,10.1,10.42,11.82,11.9,12.4,12.6,13.0,13.3,13.7,14.1,,15.4,16.2,15.2,16.3,16.8,17.4,18.3,18.4,19.6,19.6,21.22,20.9,21.9,,23.13,24.8,,26.1,27.6,28.5,28.4,29.3,30.5,31.5,32.8,33.9,36.9,42.07,39.59,39.5,41.2,42.9,45.46,46.2,48.1,,53.5,60.3,58.3,,63.95,,66.06,,74.75,,83.6,,87.16,93.4,99.62,101.2,109.3,113.6,120.2,126.27,133.59,,149.5,146.5,162.27,182.4,170.4,179.4,190.83,210.3,212.7,222.58,,,,,302.04,,,,,,,,,,,,536.7,,,,,,,,,,,,870.97,,,,,,,,,,,,,,,,,,,,,3380.34,,,
2024-09-06,,,,,0.15,0.3,0.25,,0.97,,2.03,2.68,3.19,3.76,4.1,4.3,5.22,6.27,7.8,6.7,,8.0,,8.9,9.43,10.6,10.6,11.1,11.57,12.37,13.1,11.55,14.37,15.0,,,12.85,20.1,17.2,21.2,18.07,21.3,20.1,22.84,22.41,22.11,21.87,22.1,23.16,25.44,24.89,28.9,26.59,28.2,28.31,29.82,30.47,35.45,35.7,38.6,38.48,37.87,39.62,40.86,41.2,,46.58,46.2,48.69,53.43,52.59,53.77,57.09,59.8,61.9,65.95,68.16,72.25,74.79,79.6,81.67,84.06,90.0,91.15,95.55,100.76,105.56,111.5,117.39,122.9,129.19,135.31,141.96,149.6,156.05,162.05,171.06,181.77,188.95,198.3,207.66,218.6,229.55,229.9,250.74,220.8,272.14,281.78,309.8,317.72,,350.61,372.29,383.96,,,441.76,,,,530.0,,557.91,,,,,,,,,,,,,,940.4,,,,,,,,,,,,,,,,,2628.23,2835.14,,3262.59,3450.89,3613.38,,
2024-09-09,,,,,0.05,0.2,0.3,0.5,,,1.2,,,2.5,2.79,3.18,4.0,,5.1,5.3,6.3,5.8,6.3,6.5,7.0,7.3,7.7,8.3,8.7,9.3,9.9,10.4,10.9,10.97,11.7,12.1,11.9,12.8,13.2,13.5,13.75,13.9,14.9,15.4,16.0,16.5,16.5,,18.0,18.8,18.4,19.86,20.17,21.7,21.25,23.1,22.82,25.3,26.2,26.5,27.25,29.5,30.7,32.0,31.29,34.0,35.9,37.7,38.27,41.1,40.69,44.3,43.93,48.4,50.9,53.2,53.3,58.4,60.7,,63.45,69.75,74.25,,79.33,81.14,91.99,90.55,95.05,96.37,102.87,113.28,113.57,124.0,129.6,135.8,138.8,161.3,154.6,156.95,170.85,186.4,193.17,201.48,203.5,238.03,242.93,257.49,259.0,289.13,,,328.5,345.6,,382.91,402.01,,,,,,,,,,,,,,,,,,,,,,,,,,,,,,,,,,,,,,2824.87,,,3407.9,,,4393.2
2024-09-17,,,,,0.07,,,0.3,,,0.85,,,1.75,,2.05,2.58,2.75,3.1,3.8,3.85,4.5,4.35,,5.3,5.6,6.0,6.3,6.8,7.1,7.5,7.9,8.3,8.6,8.9,9.15,9.6,9.6,9.9,10.3,10.5,10.65,11.1,11.6,11.86,12.0,12.5,12.8,13.4,13.5,13.9,14.3,14.81,15.3,15.8,16.2,16.8,17.4,17.9,18.59,19.2,19.9,20.5,21.2,21.9,22.8,23.6,24.75,25.4,26.5,27.5,28.5,29.7,31.0,32.3,33.28,34.8,36.5,37.9,39.37,41.4,43.5,45.3,47.9,50.3,51.31,54.16,56.39,60.0,,66.8,67.2,73.0,70.51,80.88,86.7,90.84,,102.08,103.9,108.28,116.3,120.88,116.69,134.58,147.2,154.97,164.7,169.0,170.5,192.36,192.85,218.0,,230.07,,280.39,265.0,,,342.38,,,,,,,,,,,,,,,,,,,,,,,,,,1250.8,,,,,,,2473.67,2666.91,,,,3460.37,,4220.76
2024-09-18,,,,,0.1,,,,,,0.87,,,,,2.55,2.4,,3.5,3.7,,4.5,,4.7,5.5,5.6,6.2,6.5,6.7,6.9,7.6,8.0,8.3,8.9,9.3,9.3,9.15,9.6,10.0,10.3,10.8,10.86,11.3,11.6,12.1,12.3,12.8,13.1,13.16,14.3,13.5,14.7,15.2,15.4,16.1,15.7,16.2,17.4,17.9,19.0,19.34,19.8,20.15,20.4,21.2,21.8,22.7,22.5,25.46,25.2,28.1,27.2,30.35,29.4,30.6,31.3,32.9,36.9,36.01,36.9,42.75,40.3,,44.95,40.9,47.05,55.8,56.71,61.0,62.5,58.4,69.4,66.45,67.72,72.9,77.7,83.0,82.5,100.0,107.8,104.5,119.1,121.3,,140.0,131.25,156.2,148.57,178.65,172.49,197.9,208.2,,214.4,,241.95,,,,,337.99,,,,424.65,,,,511.68,,,,,,,,,797.7,,,,,,,,,,,,,,,2278.73,,,2870.91,,,,3652.24,4252.96
2024-09-23,,,,,0.05,0.07,0.1,,0.3,,0.55,,,1.2,1.36,1.57,,2.1,2.4,2.7,2.95,,,3.6,3.8,4.1,4.4,4.8,4.9,5.4,,6.0,6.3,6.3,6.6,,7.1,7.3,7.4,7.7,7.9,8.2,8.5,8.7,8.9,9.2,9.33,9.6,10.0,10.2,10.4,10.8,11.3,11.6,,,12.49,13.1,13.7,14.0,14.1,14.8,15.4,15.9,16.35,16.8,17.44,,19.15,19.5,,20.66,21.6,22.9,23.24,24.5,25.36,,27.9,,29.39,30.9,32.53,34.17,35.4,37.3,39.06,40.9,41.56,45.32,47.0,50.18,52.19,55.86,58.45,61.6,64.2,68.21,71.66,78.44,79.7,86.18,90.14,95.08,100.35,105.99,113.05,119.5,128.93,139.2,143.78,153.5,164.77,,192.53,,213.75,,247.17,,275.28,,,,356.35,,,,441.52,,,,,,,,,717.8,,,,,,,,,,,,,,,2195.0,,,2800.01,,3195.11,,,4180.45
2024-09-24,,,,,0.05,0.07,,,0.25,0.35,0.55,,0.99,1.15,,1.5,,,2.3,2.6,3.2,,3.3,3.5,3.7,4.1,4.2,4.5,4.8,5.0,5.5,5.8,6.1,6.2,6.5,6.5,6.9,7.1,7.1,7.3,7.5,7.64,7.9,8.4,8.6,8.8,9.1,9.4,9.4,9.7,9.9,10.5,10.8,10.9,11.1,11.8,12.1,12.6,12.8,13.4,13.7,14.1,14.4,15.1,15.3,16.1,16.3,17.02,17.9,18.3,19.4,20.0,20.8,21.1,22.4,23.3,23.7,24.7,25.43,27.5,27.9,29.9,30.8,32.7,33.7,37.09,36.91,39.95,40.73,43.21,44.85,49.1,49.2,52.98,54.9,59.2,62.0,64.65,68.07,,76.2,,85.6,91.04,94.9,101.25,107.2,115.35,122.36,129.95,137.53,153.46,156.18,,177.85,,207.19,,244.4,,264.7,,,,,,,,,,,,,,,,,,,,,,,,,,1203.14,,1396.38,,,,2193.97,,,,2978.93,,,3579.37,
2024-10-11,,,,,0.05,,,,0.2,,0.53,,,1.24,,1.72,1.87,2.27,2.45,,3.1,,,3.8,,,4.6,4.9,5.2,,,6.1,6.48,6.61,6.8,,7.63,,,,8.1,8.49,8.37,8.5,8.84,9.1,,,9.77,,10.2,10.69,10.9,11.14,,11.74,11.85,12.15,12.68,13.1,13.17,,13.87,,14.7,15.87,,16.55,16.82,17.37,17.6,,19.86,,,21.2,21.6,23.15,23.99,24.8,25.1,25.88,26.98,28.0,29.88,31.9,32.2,,35.63,38.4,38.9,40.33,42.38,45.8,47.5,50.51,52.11,55.84,57.0,62.57,64.08,69.92,71.5,74.8,80.51,84.55,90.6,96.0,99.35,105.85,112.5,118.43,130.0,138.11,147.85,154.0,167.79,190.1,196.8,,214.99,233.4,258.8,,,,,,,,,,,,,,,647.67,,,,,,,956.95,,,,,,,,,,,,,,,,4105.21
2024-12-18,,,,,0.05,0.05,0.05,0.05,0.05,0.15,0.1,0.1,0.05,0.15,0.15,0.05,0.15,0.15,0.05,0.2,0.05,,0.5,,,,0.6,,0.6,0.2,0.65,0.85,0.4,0.25,0.25,,1.0,0.15,1.1,,0.85,1.15,1.0,0.45,1.15,1.2,1.3,0.75,1.15,1.45,1.15,1.3,1.1,1.65,1.8,1.65,1.8,0.95,,2.55,2.15,2.75,1.0,0.05,1.52,2.7,2.8,0.1,3.1,1.35,1.8,3.7,1.8,0.15,1.75,0.09,2.55,1.85,4.6,4.6,5.3,3.4,4.2,2.62,5.7,2.3,6.96,3.2,7.04,4.4,7.61,7.5,5.5,6.0,9.23,3.6,10.3,9.0,9.8,10.91,12.2,12.01,9.1,7.1,14.1,2.7,16.7,6.7,9.83,19.61,24.0,25.1,32.8,35.01,45.89,48.96,61.8,93.76,113.2,117.8,3.1,140.5,152.51,205.4,225.82,,142.37,112.4,136.7,,187.8,,347.3,338.83,277.33,,602.55,590.0,,,551.05,,,,,,934.0,,,,,,,,,,,,,,
2024-06-20,,,,,,0.15,,,,,,,2.5,,3.41,,,4.9,5.51,6.0,,,,,,,,,11.15,,12.11,12.9,12.86,13.6,14.7,13.9,15.0,,15.72,,16.7,,,,18.65,,19.95,,21.0,22.2,22.26,23.15,23.6,23.12,25.77,26.57,26.4,,,28.1,30.9,30.44,33.2,33.8,33.4,37.4,36.53,38.1,41.96,41.4,44.3,,48.4,,51.2,52.91,56.1,57.95,61.0,62.95,64.96,65.71,71.69,70.1,79.0,78.23,84.8,88.62,93.53,97.86,101.17,110.6,114.0,116.84,125.2,127.8,136.96,134.8,152.63,160.2,166.23,172.4,184.97,,202.3,217.95,222.0,225.77,242.0,260.81,259.98,,,,,,347.0,,,,419.84,,,,,,,,,,,,,,,,,,,,,,,,,,1334.15,,,,,,,,,,,,,,
2024-06-21,,,,,,0.2,,,,,1.4,,,2.9,3.45,,,5.0,5.5,,6.8,,7.5,,8.48,,9.69,10.09,10.53,,,12.4,13.0,,,,15.1,,,,16.35,17.01,,,,,20.1,,20.5,,21.7,22.47,24.81,25.13,25.5,,26.67,27.4,,,30.4,31.15,,,34.96,,37.5,,40.1,42.6,43.85,45.38,47.1,,50.77,52.82,56.3,57.32,60.4,,65.73,68.05,72.82,76.6,78.65,,86.14,90.05,94.43,99.3,104.77,112.15,113.29,123.79,128.8,,137.5,145.16,153.12,,168.94,,,,206.66,219.2,224.46,,251.72,,278.02,292.32,302.7,,,,,,,,441.93,,,,,,,,618.51,,,,,,,,,,,,,,,,,,,,,,,,,,,,,,,,
2024-07-01,,,,,,0.14,,0.35,0.59,,,,2.0,,2.63,2.85,3.3,,4.3,4.81,5.5,5.8,5.7,,6.55,,7.92,,8.7,,10.0,10.3,10.9,,11.5,,,,,,13.0,,,14.65,14.97,,,,16.4,,19.19,,20.1,19.8,20.0,,22.4,,,25.81,25.1,,27.05,,31.63,,32.9,,35.0,37.82,37.96,38.8,40.19,43.9,48.37,48.9,47.6,51.6,53.51,56.27,57.9,60.7,65.03,68.23,69.2,77.3,80.54,82.2,85.83,90.32,94.74,99.52,102.74,,119.93,,126.5,,138.0,149.95,155.25,,171.19,183.18,190.5,,214.75,226.62,240.82,264.1,264.91,278.64,,,,,,,,,,,,,,,,,,,,,,,,,,,,,,,,,,,,,,,,,,,,,,,,,
2024-07-05,,,,,,0.12,,,0.45,0.7,0.95,,,,2.27,2.6,2.9,3.21,3.7,,4.7,4.96,5.2,,,,6.5,7.0,7.6,,8.3,,9.1,,9.7,,10.4,,11.55,,11.65,,12.49,12.7,13.25,,13.83,,14.8,15.3,15.9,16.45,16.95,17.67,18.0,,19.39,19.8,20.77,,22.15,,23.9,24.55,25.5,26.99,27.79,28.6,30.0,31.2,32.46,34.0,35.4,36.32,38.35,39.47,41.23,,46.98,47.56,49.17,51.6,54.02,56.8,58.7,63.15,65.62,69.17,71.84,74.89,79.17,,86.6,91.2,95.8,100.7,106.0,111.53,117.2,123.1,130.8,136.09,143.25,,158.01,,178.47,185.1,194.85,206.0,217.3,,243.96,,,,,,,,,,,,,,,,,,,,,,,,,,,,,,,,,,,,,,,,,,,,,,,,
2024-07-09,,,,,,0.15,0.15,,,,,,1.55,,,,,2.97,,,,4.6,4.9,5.2,5.4,,6.1,6.5,6.8,,,,8.62,,9.12,,9.63,,10.3,,11.1,,,,,,13.02,,14.2,14.4,15.2,,15.76,,16.63,17.29,18.5,,19.9,,21.2,,22.5,23.47,24.32,25.08,,,28.6,29.2,,,34.0,34.32,37.05,38.46,39.35,41.47,43.87,44.6,48.05,50.05,52.42,54.24,57.65,58.58,63.23,,68.89,71.01,76.45,78.2,83.86,86.05,91.51,97.0,103.0,107.5,113.57,,124.27,,139.3,146.75,153.4,161.2,170.13,179.3,190.8,196.5,207.4,219.6,,,,277.9,287.12,,,,358.74,,,,,,,,,,,,,,,,,,,,,,982.26,,,,,,,,,,,,,,,,,,
2024-07-11,,,,,,0.1,,,,,,,,1.8,,,,,3.37,,4.5,,5.1,,5.7,5.7,6.4,,7.2,,,8.5,9.2,9.4,8.81,,,10.2,,,11.08,11.4,11.4,,13.0,12.5,13.9,14.3,14.6,,15.12,15.98,,17.3,,,19.2,17.8,18.42,20.55,22.1,22.5,21.32,24.2,25.0,26.6,27.72,,29.9,30.8,31.5,33.0,34.05,36.2,37.05,38.45,40.5,42.3,44.1,46.0,48.0,51.52,52.5,55.85,58.4,62.1,65.0,66.5,69.0,71.85,77.2,76.4,83.5,90.27,92.47,91.92,102.4,97.3,111.6,118.1,123.7,130.84,136.6,143.45,152.7,162.1,169.0,172.7,188.3,199.0,211.4,221.4,233.2,,,,,,,,357.09,,,,,,,,,,,,,,,,,,,,,,,,,,,,,,,,,,,,,,,,
2024-07-12,,,,,,0.1,0.15,,,,0.75,,1.4,1.6,1.85,,,,3.4,3.8,4.2,4.3,4.8,4.8,5.1,,,6.2,6.7,6.85,7.46,7.7,8.0,,8.67,,9.01,,10.0,10.3,10.85,,,,,,12.1,12.6,13.7,,13.95,14.2,15.2,15.35,16.28,16.6,17.75,17.63,18.65,19.1,19.98,20.4,21.4,21.1,22.06,23.1,23.7,25.5,25.59,26.6,29.3,28.85,29.95,,34.7,34.3,36.0,37.78,38.0,41.5,44.6,43.7,45.6,48.2,52.05,53.35,54.14,58.8,62.5,63.71,66.82,72.7,77.2,82.1,77.85,88.25,87.4,91.8,101.44,108.39,112.07,122.0,118.69,123.9,130.98,145.5,149.0,157.15,176.2,185.0,195.6,197.3,215.38,220.3,227.5,,285.52,,,,336.8,,,,,,,,,,,,,,,,,,,,,,,,,,,,,,,,,,,,,,,,
2024-07-17,,,,,,0.1,,,,,0.9,,,,2.4,2.6,2.85,3.39,4.0,,5.2,,5.4,,6.5,,6.78,,7.63,,8.92,8.95,9.8,10.1,10.0,,10.29,11.51,11.55,12.1,12.34,,,,,14.53,14.4,16.0,15.2,,16.58,18.1,17.89,19.4,18.3,20.6,21.2,21.4,21.05,,24.0,,24.62,25.47,26.6,27.13,,28.6,30.7,31.58,33.45,32.72,36.42,37.1,38.7,41.6,42.82,45.9,47.88,49.7,51.8,53.6,56.23,57.74,60.38,,67.78,67.22,71.1,73.96,79.7,82.5,88.06,93.07,96.88,102.54,104.11,,116.9,119.09,130.06,135.2,141.15,148.4,158.5,164.9,,172.9,195.73,204.0,204.79,,,,259.66,,,,,,358.35,,,,,,,,,,,,,,,,,783.6,,,,,,,,,,,,,,,,,,,,,,,
2024-07-18,,,,,,0.06,0.2,0.31,0.5,0.75,1.0,1.42,1.94,2.25,2.6,2.95,3.3,3.9,4.5,5.0,5.7,6.0,6.3,6.8,7.2,7.7,8.2,8.6,9.0,,9.95,,10.85,11.3,,,12.1,12.95,10.8,,14.65,15.1,14.6,15.1,15.6,16.1,16.75,17.6,18.2,18.8,19.4,19.4,20.1,21.5,21.4,21.96,23.8,24.4,25.1,26.2,26.4,28.3,29.1,30.2,31.09,32.5,33.7,35.1,36.6,37.5,38.78,,40.0,38.5,44.1,47.0,49.48,51.05,54.56,54.81,56.78,57.54,64.5,64.88,68.58,73.8,76.79,82.45,84.14,89.97,89.05,93.2,98.92,106.8,111.61,114.7,117.94,119.3,138.3,,145.16,146.8,168.11,171.9,181.94,191.6,194.4,204.7,209.6,220.6,236.0,233.9,263.82,,,,,,,,388.8,,,,,,,,,,,,,,,,,,,,,,,,,,,,,,,,,,,,,,,,
2024-07-19,,,,,,0.12,0.2,,,,1.12,,2.0,2.33,2.75,,,,5.0,4.9,6.0,,,,7.7,7.5,8.95,9.2,10.0,,10.6,12.05,12.57,,,,,,13.65,,15.5,,16.4,17.0,16.6,,19.03,19.03,19.89,20.9,20.18,,22.1,22.55,24.26,,25.1,,27.2,28.1,29.64,29.95,,32.1,33.6,34.6,37.36,36.07,38.3,40.9,41.4,42.7,44.0,47.33,50.35,51.38,54.05,56.18,57.9,62.21,63.95,,69.29,72.65,74.23,80.7,82.85,83.46,91.0,97.33,99.6,103.9,109.55,115.3,121.18,122.5,133.16,132.72,143.71,154.55,158.46,164.2,174.84,183.8,188.31,202.9,214.87,223.7,227.3,247.4,266.56,,284.35,,308.1,,,366.2,383.8,,431.16,,,,,,,,,,,,,,,,,853.0,,,,,,,,,,,,,,,,,,,,,,,
2024-07-22,,,,,,0.12,,,,0.8,0.92,,1.75,,,2.65,2.98,3.6,4.2,4.7,5.0,5.26,6.05,,6.3,,7.1,8.3,7.8,,9.1,,,,11.15,11.8,,,12.5,13.25,12.65,13.6,,14.5,14.3,,16.22,,16.0,,,,18.1,20.75,,20.6,20.6,21.7,22.1,,23.76,24.9,28.68,,28.1,,32.3,30.8,33.0,,34.01,35.6,37.1,38.6,41.8,41.69,46.32,45.2,47.31,49.8,52.05,58.05,56.81,59.58,62.1,64.99,75.1,71.01,74.61,78.06,81.45,92.45,89.55,94.38,98.89,106.0,109.95,120.0,120.15,134.99,132.6,144.1,148.35,162.5,169.53,172.5,181.76,191.9,202.5,221.5,225.6,245.4,,264.4,292.0,,,,,,377.11,,,,,,,,537.18,,,,635.9,,,,,,,,,,,,,,,,,,,,,,,,,,,,
2024-07-23,,,,,,0.12,0.15,,,,0.87,,,,,,,3.3,3.6,4.08,,5.02,5.33,,6.1,,6.55,7.6,,8.0,8.78,9.6,9.88,9.9,10.15,,,10.6,11.6,,12.3,,12.42,,13.5,,13.97,,15.23,,,,17.7,19.0,18.89,20.2,19.8,20.55,22.33,22.4,22.81,,24.35,24.85,26.4,26.55,28.7,,31.3,,32.12,,36.5,,38.42,41.47,42.95,44.2,44.85,50.8,52.35,52.7,55.4,56.85,61.64,61.35,64.23,67.35,73.52,,81.8,83.6,85.81,92.25,97.99,102.4,111.8,113.3,115.31,130.0,131.7,,145.9,148.99,168.0,,183.1,194.6,204.1,214.8,216.5,,250.6,,,,,,,,,,,,,,,,,,,,627.79,,,,,,,,,,,,,,,,,,,,,,,,,,,,
2024-07-30,,,,,,0.12,0.2,,,,0.97,,,,,2.65,,3.4,4.5,4.88,5.65,,6.45,,6.9,,7.67,7.8,,10.5,,,,,11.9,12.6,13.64,,,,15.55,,15.3,,16.8,17.2,,,18.6,,20.6,21.3,23.59,23.1,,24.6,,,28.85,,32.6,28.3,34.77,,37.72,35.0,36.4,,39.9,,45.2,,52.0,53.39,57.86,,59.9,62.6,69.51,71.5,76.2,76.2,74.64,84.07,82.04,95.96,104.56,108.5,111.6,109.15,123.1,122.71,135.8,,133.77,145.2,160.18,168.28,161.8,177.33,187.9,199.0,198.4,208.7,219.6,239.2,232.3,264.29,,,,,347.45,,392.1,,422.92,,,,487.6,,,,,,,,,,,,,,,,,952.87,,,,,,,,,,,,,,,,,,,,,,,
2024-07-31,,,,,,0.1,0.15,,,,0.77,1.1,,1.85,,2.35,,3.1,3.7,4.0,4.6,,5.01,,5.9,,6.39,6.84,7.4,,8.4,9.0,,9.78,,,10.8,11.0,,,11.64,,13.3,,,14.27,14.6,,15.72,16.2,16.7,,18.35,18.6,20.0,20.05,21.5,,,23.3,22.7,25.6,25.96,26.43,29.7,29.2,30.4,,33.27,32.8,36.23,38.5,41.0,,40.38,,43.88,,48.18,55.0,55.7,56.17,61.88,63.43,69.62,67.45,76.52,79.0,81.58,85.67,93.71,91.28,99.86,,110.1,115.58,124.61,130.1,133.31,144.67,155.6,151.2,169.9,181.4,177.52,201.2,203.3,219.1,222.93,,250.8,,269.84,,298.55,,,,,,399.01,,453.52,,,,,,,,,,,,,,,,,,,,,,,,1359.39,,,,,,,,,,,,,,
2024-08-01,,,,,,0.1,0.25,,0.4,,1.02,,,2.7,2.35,,2.75,4.04,5.0,5.1,6.65,,7.1,8.65,8.02,,8.33,10.85,11.1,,11.57,12.0,13.1,,13.8,,10.6,16.0,15.6,14.3,18.29,,,,20.0,20.9,22.6,,24.5,23.1,19.9,26.98,24.5,28.53,25.4,,32.0,,34.5,33.09,34.2,34.1,36.8,39.12,40.1,45.2,45.8,46.48,44.6,50.43,51.77,,53.3,59.9,64.9,56.04,69.9,62.99,77.47,78.75,78.58,84.28,83.55,87.4,91.5,104.19,97.6,113.99,107.12,120.8,119.97,130.13,128.22,147.62,141.29,161.9,164.18,175.9,173.53,187.0,196.0,204.1,210.0,224.9,236.1,247.8,209.0,236.2,,,256.8,270.2,,,,,,,,,432.78,,,,,,,,,,,,,,,,,,,,,,,,,,,,,,,,,,,,,,,,
2024-08-15,,,,,,0.2,0.25,0.4,0.6,,1.2,1.6,2.31,2.35,,3.0,3.1,3.6,4.2,4.3,5.5,5.0,5.3,,6.4,6.2,6.4,6.7,7.85,7.3,8.25,,9.7,9.9,10.2,9.27,10.3,,10.3,11.5,12.0,12.3,11.7,,13.3,,14.35,14.52,15.2,15.6,16.2,16.7,17.07,17.8,18.56,17.9,19.65,20.5,21.3,22.0,22.9,23.3,24.33,25.8,26.43,27.1,28.8,29.22,30.7,32.34,34.4,34.5,36.29,37.59,39.39,,43.72,44.6,46.75,49.47,50.6,53.97,55.94,58.19,62.0,,67.71,71.0,74.9,78.72,80.38,88.4,88.95,95.2,98.15,105.33,109.47,117.48,121.43,130.7,134.0,140.3,151.9,165.9,170.6,180.4,189.32,,207.5,244.0,,,282.83,,,,335.0,,,,409.32,,,,,,,,,,,,679.99,,,,,,,,,,,,,,1361.79,,,,,,,,,,,,,,
2024-08-19,,,,,,0.17,0.25,0.35,0.5,,1.02,,,,2.35,2.7,3.0,3.1,3.7,3.9,,,5.0,,5.7,,6.35,,7.08,8.0,8.78,,8.64,,9.5,9.5,9.74,10.0,,10.6,10.95,,,,12.15,12.9,12.9,13.35,13.71,14.2,14.57,,15.63,16.1,16.68,,17.73,,,21.4,20.25,,,,23.3,,25.35,26.3,28.0,28.25,30.39,30.82,32.8,33.03,35.62,,38.5,39.57,40.98,43.49,44.1,47.49,49.26,51.54,52.47,55.87,59.24,63.94,63.33,,70.76,74.8,76.22,82.3,87.24,93.08,95.24,,106.86,116.0,114.5,125.18,127.27,134.93,145.5,154.81,163.89,177.4,177.0,,205.31,239.2,239.0,,258.0,,,,,,362.03,,400.53,,,,,,534.27,,,,651.6,,,,,,,,913.1,,,,,,1306.41,,,,,,,,,,,,,,
2024-08-20,,,,,,0.15,0.25,0.4,,,1.15,,,,2.3,2.94,3.18,3.6,3.9,,4.6,5.3,,,,,,7.2,,8.0,,,9.88,10.1,,10.0,,,,11.6,12.3,,,,13.45,13.8,14.2,14.5,14.75,,16.2,,16.7,18.3,18.1,,19.24,,20.7,,23.05,23.87,23.97,,25.5,26.74,27.4,28.1,30.67,30.9,31.29,32.6,34.77,,35.8,,40.68,43.53,44.04,45.35,48.45,,51.79,55.1,57.4,,62.65,,69.54,,74.16,76.02,80.86,84.96,89.23,93.0,97.4,102.52,108.84,111.35,118.81,124.93,131.14,142.16,146.52,154.1,,173.18,185.1,,,,,242.62,,,,295.0,,,353.99,,398.45,,,,,,,,,,,,,,,,,,,,,,,,,,,,,,,,,,,,,,
2024-08-21,,,,,,0.17,0.25,0.45,,,1.32,1.72,,,2.87,,,,4.5,4.95,5.81,5.8,,,,,,8.3,8.49,,,9.8,10.63,,,,11.9,11.7,,12.63,13.0,,,14.5,14.1,15.3,15.4,,15.0,,17.9,,19.2,,,,21.2,20.89,21.4,23.65,23.82,23.66,,,27.31,,30.15,30.44,31.86,,32.9,,36.65,38.2,37.7,,42.93,44.32,44.1,47.84,47.98,50.9,,56.6,57.11,62.45,65.1,64.92,69.3,73.4,75.53,77.8,83.34,86.85,89.8,94.6,97.25,,108.93,115.05,116.54,,133.28,135.47,145.71,155.44,163.6,172.0,181.2,191.7,207.24,,227.68,,,,,301.1,,,346.18,,,,,,,,,,560.78,,,,,,,,,,,,,,,,,,,,,,,,,,,,,,
2024-08-23,,,,,,0.2,0.3,0.4,,,1.2,1.5,,,2.85,,3.27,3.8,,5.0,5.5,5.3,,6.2,6.5,6.8,7.3,7.7,7.59,8.5,8.9,9.2,10.0,10.1,10.6,10.8,11.1,11.4,11.8,12.0,11.8,12.7,13.1,13.3,13.9,14.4,14.0,15.2,15.6,16.2,16.5,17.0,17.6,17.0,18.6,19.2,19.63,20.4,21.2,21.9,22.0,23.3,24.3,25.0,25.25,27.1,27.25,28.8,30.2,31.3,30.43,33.5,32.83,38.1,39.05,41.17,39.4,,,,45.95,,55.24,52.0,52.5,,59.18,62.4,63.62,,69.49,73.35,75.4,,85.87,90.1,92.35,106.99,109.54,109.5,113.67,128.08,122.85,,136.59,149.2,154.7,177.24,166.8,,197.03,201.92,,228.23,,,287.4,,,,345.15,,,,421.8,,,,,,,,,,,,,,,,,,,,,,,,,,,,2262.5,,2654.52,,,3245.5,,,
2024-08-26,,,,,,0.15,0.25,0.4,0.6,,,,1.9,,,2.8,,3.7,,4.5,,5.0,,,,,6.8,,,,8.4,8.7,,,,,10.5,,10.85,11.34,11.45,12.2,12.4,,12.82,13.3,13.5,,14.8,,15.35,16.3,16.3,,18.05,,19.25,,,20.75,21.2,,24.13,24.7,24.35,,,,28.0,,30.47,,,,35.1,,40.0,,41.0,,44.36,,49.1,,53.6,,58.35,,64.73,,68.83,71.84,75.04,79.02,79.5,87.28,92.07,,100.87,105.77,112.35,,125.15,137.42,139.87,153.12,155.52,168.3,173.0,,,,206.1,,,,,286.1,,,346.11,,,,398.5,,,,,,,,,610.9,,,,,,,,,,,,,,,,,,,,,,,,,,,
2024-08-29,,,,,,0.07,0.15,0.25,0.45,,1.02,,1.7,,2.2,,3.01,3.45,3.87,4.3,4.82,4.9,,5.24,6.0,,6.1,,7.3,7.24,,8.8,,9.5,9.8,,9.55,,,10.28,11.75,11.8,,,12.9,13.3,13.6,14.2,14.6,13.7,14.69,14.85,15.05,15.7,16.2,16.8,18.9,,18.41,,21.73,21.4,22.1,22.9,23.7,24.6,25.5,26.4,28.8,28.4,29.4,28.65,32.0,33.1,36.5,35.9,38.6,40.83,42.58,42.2,44.8,,,52.78,53.1,51.51,59.0,,65.9,59.8,72.85,66.0,70.25,81.8,77.2,91.37,94.7,99.4,102.62,109.0,113.46,122.6,128.7,138.5,146.4,134.7,155.09,172.07,182.61,176.6,,,,,,,267.49,294.0,304.6,,352.04,362.0,,,409.89,,,,,,,,,,,,731.57,,,,,,,,,,,,,,,,,,,,,3235.65,,,
2024-09-12,,,,,,0.15,0.19,,0.48,,0.85,,1.45,1.75,2.05,2.3,2.5,2.9,3.2,3.5,3.9,4.2,4.5,4.8,4.9,5.2,5.5,5.9,6.4,6.6,6.9,7.2,7.6,7.8,8.1,8.8,8.5,8.8,9.3,9.3,9.6,10.1,10.1,10.5,10.7,11.4,11.4,12.1,12.4,12.6,13.1,13.5,13.9,14.3,15.0,15.6,16.3,16.5,17.3,18.2,18.3,19.2,19.7,21.6,21.33,23.0,23.2,24.4,25.16,26.1,27.61,28.72,29.9,31.67,32.8,34.1,35.9,37.0,41.5,42.25,43.44,44.7,47.4,49.4,53.5,54.3,57.95,,63.0,66.57,69.8,77.2,77.57,82.1,86.6,90.7,97.73,101.49,108.09,114.22,119.8,126.1,133.32,141.09,149.39,157.12,168.0,177.23,187.82,,210.03,,,,,,296.97,,,,368.81,,,,490.48,,,,,,,,676.38,,,,,843.59,,,,,,,,,,,,,,,,,,,,3307.68,,,4286.89
2024-09-16,,,,,,0.1,0.15,,0.35,0.5,,,,1.65,,2.15,,,3.1,3.6,,4.1,,,5.0,5.2,5.6,5.9,6.2,6.7,7.1,7.4,7.79,8.1,8.4,8.5,8.8,9.0,9.3,9.5,9.85,10.2,10.3,10.7,11.0,11.4,11.6,12.1,12.5,12.8,13.2,13.7,14.1,14.5,15.0,15.5,16.0,16.5,17.3,17.9,18.37,19.0,19.7,20.5,21.09,22.1,22.9,24.1,24.8,25.8,26.9,27.8,28.8,30.2,31.5,32.9,33.7,35.72,37.27,39.0,40.49,42.7,,47.1,49.35,54.2,53.3,57.9,58.42,62.0,66.0,70.3,72.13,79.6,83.4,83.95,88.94,99.71,99.2,104.75,109.15,,122.4,137.03,136.45,143.45,153.0,163.0,171.12,,201.0,204.1,216.4,230.26,244.76,258.78,274.29,299.69,306.75,,,,,,,,,,,,,,,,,,,,,,,,,,,,,,,,,,,,,,,,,,
2024-09-26,,,,,,0.05,0.1,,,,0.4,0.65,,1.05,,1.37,,,2.05,2.4,2.69,,3.1,3.2,3.5,3.7,3.9,4.1,4.4,4.7,5.0,5.2,5.6,5.7,5.9,6.1,6.2,6.4,6.6,6.8,7.0,7.0,7.2,7.6,7.8,8.0,8.3,8.5,8.7,9.0,9.1,9.4,9.8,10.1,10.4,10.7,11.0,11.4,11.8,12.1,12.5,12.9,13.4,14.0,14.3,14.9,15.3,15.9,16.36,17.3,17.8,18.6,19.33,20.0,21.0,21.9,22.6,24.0,24.88,25.8,27.3,28.7,29.9,31.5,32.1,33.94,36.5,38.7,39.75,41.44,44.34,46.7,49.45,52.7,55.7,59.4,59.8,63.25,66.8,73.4,75.85,82.1,86.9,92.9,95.46,102.8,106.9,119.4,119.8,126.5,135.91,144.21,154.5,166.6,,186.6,204.47,,,,247.1,,,,,,,,,,,,512.23,,,,,,,,,,,,,,,,,,,,,,,,,3168.22,3365.22,,4156.52
2024-09-27,,,,,,0.1,,,0.2,,0.45,,,1.17,,,1.6,,,2.5,,2.8,,3.8,,4.2,4.4,,5.1,,5.4,5.85,5.45,,,,6.1,,7.6,,8.2,,8.4,8.2,7.6,,8.9,,10.0,9.9,10.3,,9.6,11.7,,,11.6,11.0,11.8,,12.89,12.81,,15.6,16.5,14.9,,,16.5,17.0,17.76,20.15,20.4,20.4,21.25,21.51,25.38,,25.25,,30.5,31.9,30.91,32.55,36.8,35.31,37.65,39.86,44.1,,43.96,45.0,54.7,55.9,59.95,55.45,67.5,62.0,73.81,76.3,83.52,,93.6,94.69,103.92,109.6,111.62,118.36,127.85,123.27,141.03,147.95,161.75,,,,210.94,,233.4,,264.18,273.9,,,,,,,417.33,,445.09,,,,,,,,,,,,,,,,,,,,,,2157.8,,,,,,,,
2024-10-02,,,,,,0.08,,,,,,1.05,1.4,,2.0,,,2.55,,,3.7,,4.2,4.5,4.7,5.1,5.2,,6.5,,,,,,7.7,7.9,8.1,8.3,8.53,8.75,9.0,,9.4,9.7,9.9,10.3,10.4,,10.95,,11.6,12.1,,,13.45,,13.7,14.2,14.75,15.1,15.65,,16.6,17.1,17.9,,22.1,19.71,20.5,,22.77,,23.84,,26.28,,27.95,29.3,34.9,33.55,33.42,40.7,37.53,39.48,41.27,47.6,44.25,46.75,49.1,61.74,54.35,64.2,61.63,,68.02,81.68,73.05,79.3,82.58,92.1,90.05,102.35,103.18,111.83,112.43,118.49,124.9,142.8,140.5,148.03,156.15,165.72,176.0,187.18,200.18,214.5,,,278.99,,284.98,,,,,,,,,,,,,,,,686.8,,,,848.15,,,,,,1240.5,,,,,,,,,,,3201.3,3418.61,,4190.3
2024-10-03,,,,,,0.1,,,,,0.8,,,1.9,2.1,,2.8,3.1,3.4,,4.3,,,5.3,5.3,,6.1,6.5,7.0,,7.5,,8.4,8.7,8.9,9.2,9.3,9.7,9.9,,10.3,10.7,10.9,,11.61,11.6,12.2,,12.8,,13.6,,14.25,,,,16.03,,17.2,16.7,18.1,18.9,18.56,19.74,21.0,21.8,22.5,22.79,23.83,24.6,25.6,25.79,27.8,29.1,27.15,,32.9,33.9,,,38.0,40.6,,44.1,44.32,,49.86,51.31,54.2,,60.6,62.83,67.51,65.63,75.9,77.38,82.48,88.5,88.3,97.5,98.76,106.1,113.68,114.63,121.7,130.34,138.88,141.67,146.91,159.74,165.0,181.19,191.36,194.76,210.09,228.13,232.46,242.4,267.5,,303.84,,,,,,,,,,,,,,,,,735.51,784.19,,,,,,,,,,,,,,,,,,,,,,
2024-10-04,,,,,,0.05,0.1,,0.35,0.45,0.75,,,1.45,1.75,,,2.75,3.1,,3.75,,,4.2,4.7,,,6.03,5.92,6.7,6.6,7.0,7.0,,8.25,,8.1,9.0,8.69,,9.03,9.0,9.24,9.5,10.0,10.3,10.5,10.48,11.16,,11.3,,12.5,13.0,,13.7,14.64,,,14.5,15.0,15.95,,,17.15,18.15,18.46,18.84,20.0,22.3,20.66,,22.41,24.05,25.34,,28.78,,29.3,32.45,30.91,32.25,38.16,38.42,36.92,,42.89,45.46,44.5,,49.0,55.68,53.4,64.87,62.94,67.07,66.05,68.1,78.09,77.11,84.78,91.22,90.7,97.31,106.84,113.1,110.06,115.82,125.25,133.0,139.04,147.93,157.0,,195.62,,202.29,,229.29,,281.92,,310.6,,,,381.91,,,,,,,,,,,,,,,,,,,,,,,,,,,,,,,3203.55,,,4194.88
2024-10-14,,,,,,0.05,0.1,,0.2,,0.45,0.57,0.75,,1.12,1.29,1.55,1.85,2.0,2.2,2.8,,,3.1,3.3,3.7,3.7,3.93,4.6,4.5,4.8,5.0,5.3,5.7,,,5.93,,,6.35,6.55,,6.81,7.3,7.4,,,,8.1,,8.64,8.88,9.2,9.28,,9.83,10.2,,10.6,,11.2,11.49,11.85,,12.5,13.0,13.58,13.44,14.02,14.75,15.1,16.3,16.24,16.5,16.83,18.9,18.05,18.81,19.6,20.5,20.84,,23.55,,24.77,25.6,26.7,28.1,29.15,30.6,31.9,33.64,35.34,37.15,39.08,41.1,43.16,45.4,47.72,50.53,52.6,57.0,59.45,62.5,66.4,70.4,74.5,84.5,84.1,90.6,95.3,101.45,107.65,114.29,121.26,132.1,141.2,149.32,160.7,180.69,189.14,,,,,,,,,,,,,,,,,,,,,,,,,,,,,,,,,,,,,,,,
2024-10-15,,,,,,0.05,,0.1,,,0.4,0.61,,0.88,1.05,1.25,1.6,1.7,2.0,2.25,2.87,2.75,2.95,3.4,3.67,,4.22,4.0,4.7,4.6,4.9,,5.4,,6.27,,6.3,6.3,,7.0,6.8,,7.2,,8.2,,8.5,,8.8,8.6,9.3,9.05,9.13,,9.8,10.7,10.4,,10.9,11.2,12.3,,13.0,,14.0,14.2,13.6,,15.8,15.32,15.55,14.5,18.0,,17.71,18.35,20.7,19.98,22.3,23.25,24.07,23.1,25.6,26.5,28.42,27.1,30.79,27.82,33.6,35.86,36.45,36.36,40.78,40.42,45.52,48.56,50.1,53.79,55.65,58.6,61.8,66.19,68.9,72.9,78.0,75.4,87.5,92.27,98.76,106.6,113.97,121.27,125.9,134.78,142.63,146.44,164.04,178.29,186.72,184.5,,,228.6,244.0,261.2,,278.06,,,,,,,,,,,,,,,,,,,,,,,,,,,,,,,,,,
2024-10-16,,,,,,0.07,0.1,,0.2,,,,,,,,,,2.1,,,2.75,,,3.43,,4.2,4.5,4.12,4.5,4.9,,5.35,,,,6.1,6.8,6.76,,6.51,7.0,,,7.7,7.37,,,8.0,,8.3,,9.2,,,,9.69,,11.75,,10.9,12.1,12.2,,13.05,,13.65,,13.8,14.38,,,15.83,,18.5,18.3,19.98,,19.75,20.35,21.15,22.2,23.2,24.35,25.3,27.8,27.5,,30.15,32.82,32.94,,36.45,41.6,40.75,43.36,44.65,,50.0,58.5,55.69,59.0,62.4,66.0,69.82,74.3,78.18,88.47,88.31,96.4,100.2,105.5,112.87,120.39,128.73,143.23,147.98,,170.78,,194.04,,,,,,304.35,,,,,,,,,,,,,,,,,,,,,,,,,,2122.59,,,,,,,,
2024-10-18,,,,,,0.05,,,0.15,0.2,0.35,0.5,0.62,0.8,0.95,1.03,,,1.65,1.85,2.05,,2.4,,,,2.92,3.5,3.31,,3.8,4.0,4.3,,5.1,,4.7,,5.3,,5.25,,5.6,6.3,5.8,6.0,6.2,6.4,6.5,6.6,6.95,,7.9,7.4,7.5,,8.0,,9.0,8.62,8.8,,9.45,9.6,9.9,10.29,10.48,10.8,11.2,11.6,12.8,12.38,12.5,12.79,13.6,14.1,14.55,15.2,15.83,17.2,16.65,17.65,19.2,,19.79,21.05,21.3,22.42,24.15,25.43,26.33,28.08,29.1,30.21,32.5,34.75,36.39,38.45,40.74,42.88,45.1,51.18,51.2,,57.8,62.1,66.23,70.68,75.39,80.6,85.73,90.6,98.01,104.65,113.69,118.83,130.0,138.58,151.8,166.01,175.25,,,230.0,,,,,,,369.96,,400.55,,,497.47,,586.57,,,,746.0,,,,,,,1279.74,,,,,2285.96,,,,3063.89,,,
2024-10-23,,,,,,0.05,,,,,0.3,,0.6,,0.85,1.0,1.0,,1.25,,1.85,2.0,2.42,2.3,2.45,2.6,2.8,2.95,3.2,3.4,3.6,3.8,4.0,4.1,4.3,4.4,4.5,4.7,4.8,4.9,5.1,5.2,5.4,5.5,5.7,5.9,6.0,6.3,6.3,6.6,6.8,7.0,7.1,7.3,7.6,7.8,8.0,8.3,8.6,8.8,8.9,9.4,9.7,9.8,10.3,10.5,11.0,11.4,11.59,12.1,12.8,13.2,13.45,14.3,14.58,15.6,16.05,17.0,17.8,18.6,18.9,20.5,21.4,22.7,23.13,25.17,28.22,27.5,28.35,29.96,31.82,37.6,35.34,39.79,39.64,45.65,45.0,47.2,52.55,54.4,53.59,69.95,64.5,71.16,74.46,89.4,83.0,90.83,96.73,112.99,108.24,130.35,123.87,135.15,140.99,152.38,164.02,,190.3,,226.49,,,260.3,,,,,376.06,,,,,,,,,,,,,,,,,,,,,,,,,,,,,,,,
2024-10-30,,,,,,0.05,,,,,,,,,,,1.0,,,1.6,1.9,2.05,2.13,2.05,2.15,,,2.55,3.2,3.21,3.5,,4.0,4.1,4.2,4.1,4.0,,,,4.95,,5.2,5.0,5.2,,5.81,,5.52,,5.78,6.4,6.7,,6.9,,7.4,,,,8.27,,,,9.3,9.56,9.8,10.1,10.4,,11.4,11.9,12.35,12.5,13.8,13.5,15.03,14.72,16.2,15.7,16.7,17.37,18.3,17.94,19.57,20.7,23.47,23.0,24.98,26.4,27.83,,32.0,32.9,34.82,35.6,40.0,40.1,46.3,47.1,50.6,53.76,57.5,62.67,68.62,69.5,74.66,81.68,90.9,91.17,100.29,110.14,116.25,117.1,131.33,148.14,158.22,157.6,183.37,178.3,205.1,,,,,,,,,,,,,,,,,,,,,,,,,,,,,,,,,,,,,,,,
2024-10-31,,,,,,0.1,,,,0.2,0.3,,,,1.0,1.05,1.35,1.5,2.0,,2.8,,,3.0,3.3,3.0,4.0,,4.2,,4.8,,,,5.0,5.1,5.3,,,,7.2,7.0,6.7,,7.8,7.7,7.5,8.1,8.4,,8.45,8.7,9.3,8.5,9.6,,10.5,,9.91,11.1,10.89,11.8,12.2,12.6,12.8,13.55,14.0,14.3,15.5,15.1,16.15,,18.0,18.0,19.5,18.5,20.48,21.47,22.2,23.1,25.43,25.9,25.31,28.1,30.85,29.9,34.34,34.5,38.59,39.86,40.8,45.75,48.41,50.44,53.0,57.02,60.6,63.86,68.0,68.15,77.22,83.35,87.0,93.4,93.65,103.31,110.25,113.11,129.0,138.0,151.1,153.18,157.9,180.3,192.58,200.74,202.95,228.5,247.4,261.9,283.0,,311.6,,356.55,,,,,,,,536.42,,,642.09,,,,,,,,,,,,,,,,,2217.35,,,,,,,,
2024-11-01,,,,,,0.05,0.05,,,0.25,0.35,0.4,,0.75,0.9,,,1.5,1.55,1.85,2.25,2.25,,,2.8,,3.5,,4.0,4.19,4.5,4.28,5.0,,,5.4,,,,,5.95,,6.5,6.09,6.5,,,,7.75,7.4,7.9,8.1,,7.9,8.9,9.29,9.4,9.72,9.5,10.1,10.17,10.8,10.7,11.59,11.54,12.53,11.96,,13.9,12.6,,13.28,15.35,16.35,17.31,15.48,18.27,17.67,17.89,21.2,21.6,23.2,24.26,25.2,27.45,27.52,30.51,,32.9,34.5,38.27,39.77,41.73,43.95,48.88,48.8,53.76,55.15,61.0,64.9,71.25,75.24,82.21,87.58,91.4,93.55,105.83,112.19,119.84,130.9,137.24,147.55,156.0,171.9,177.2,187.44,206.59,216.26,237.74,,270.4,,,,329.76,,,,,,,,504.94,,,,,727.91,777.15,,,,,,,,1231.63,,,,,,,,,,,3194.98,3416.44,3603.48,
2024-11-04,,,,,,0.05,0.05,,,0.2,0.3,,,0.65,,0.85,,1.17,1.35,,,2.1,,2.45,2.35,2.72,3.0,3.3,,3.9,3.91,4.0,4.2,4.5,4.4,4.8,4.9,,5.19,5.45,5.5,,,,6.66,,6.2,6.75,6.8,,7.53,7.2,7.53,,,8.3,8.3,,,9.3,9.56,,10.29,10.26,10.6,11.09,11.2,11.45,12.35,12.2,13.16,,13.65,,15.2,16.7,16.49,17.57,18.1,,19.1,22.9,21.6,24.0,24.0,24.68,26.4,29.19,29.76,31.67,34.2,37.82,37.78,40.38,42.87,45.86,52.06,55.0,57.15,64.37,65.99,73.7,79.2,85.33,87.6,96.8,105.64,112.24,121.22,131.0,135.5,145.37,160.86,164.39,182.0,,210.1,229.39,251.17,,286.12,,,,,,412.02,,,,,,,,,,,,,,,,,,,,,,,,,,,,,,,3237.08,,,4230.93
2024-11-07,,,,,,0.06,,,0.1,,0.1,0.05,,0.1,0.1,,0.3,0.25,0.3,0.4,0.35,,0.47,,0.6,,0.63,0.8,0.75,0.85,0.9,1.0,1.17,1.15,1.15,,1.4,1.35,1.35,,1.47,,1.55,1.55,1.75,,1.82,1.75,1.95,1.85,1.9,1.95,2.25,,2.25,2.35,2.3,2.5,2.6,2.6,3.0,2.7,,,3.42,,3.6,,3.9,,4.1,3.93,4.1,4.5,4.6,4.9,4.9,,5.4,5.2,5.6,5.51,6.24,6.2,6.73,6.65,7.31,7.9,7.94,8.15,8.75,9.3,9.5,10.33,11.0,11.61,12.15,13.4,14.14,15.0,15.84,17.5,19.2,20.18,21.38,23.6,25.12,27.95,30.14,31.89,35.97,39.37,43.38,47.32,52.12,58.0,64.07,69.3,79.37,85.2,97.0,105.12,117.9,,148.0,,189.9,,225.36,,,,311.66,,,,,,,,,,,,,,,,,,,1790.07,1997.64,,,,,,,,
2024-11-20,,,,,,0.05,,0.05,0.05,0.05,0.05,0.1,0.15,0.15,0.13,0.2,0.2,0.2,0.35,0.35,0.45,0.45,0.5,0.45,0.5,0.6,0.55,0.6,0.8,0.85,0.95,1.0,1.05,1.15,1.2,1.25,1.18,1.35,1.4,1.45,1.35,1.55,1.6,1.65,1.96,2.0,2.06,2.1,2.12,1.65,2.35,2.2,2.26,2.25,2.55,2.35,2.45,2.85,2.5,2.4,3.32,3.5,3.42,3.1,3.34,3.7,4.02,3.6,4.1,4.0,3.9,3.6,4.0,4.7,4.0,4.1,4.65,5.5,5.47,4.7,5.35,6.29,5.72,6.92,6.2,6.4,6.7,7.5,7.34,7.69,8.34,7.8,9.3,10.8,10.25,13.68,11.67,15.05,13.63,14.68,15.81,17.43,19.22,22.74,22.34,30.99,27.6,34.14,33.76,36.56,40.6,45.01,50.0,62.68,62.11,84.6,75.32,84.69,94.23,110.42,117.7,162.14,148.55,,183.01,,,,,,,,,,,482.9,,596.9,,,,,,,,,1054.61,,,,,,,,,,,3045.51,3244.02,,
2024-11-25,,,,,,0.03,,,,0.05,0.05,0.05,0.05,,0.1,0.1,,0.15,0.15,0.15,0.2,,0.2,0.2,0.25,0.3,0.3,0.3,0.4,0.35,0.4,0.5,0.5,0.5,0.55,0.6,0.6,0.65,0.65,0.7,0.7,0.7,0.75,0.75,0.8,0.85,0.9,1.0,1.1,1.0,,1.1,1.22,,1.3,1.35,1.5,1.5,1.45,1.65,1.65,,1.65,,1.95,2.2,2.2,2.4,2.25,2.35,2.4,2.5,2.52,,2.8,2.35,2.98,,3.22,3.6,3.3,3.8,3.7,3.9,3.8,4.4,4.08,4.2,4.2,4.8,4.6,4.8,5.0,,5.4,5.85,5.9,6.2,6.9,6.83,7.65,10.0,8.38,9.5,9.78,11.14,12.0,13.5,14.52,16.77,17.62,20.27,22.27,25.1,28.8,36.98,37.7,42.1,47.62,56.6,63.52,79.9,86.47,105.62,125.35,119.72,,178.83,203.66,,,,290.84,,,,417.9,496.87,,,,,,,,,,,,,,,1983.63,,,,2785.15,2979.83,3189.45,,3987.05
2024-11-26,,,,,,0.03,,,,,0.05,0.07,0.08,0.08,,,,0.12,,0.17,,,,0.2,0.2,0.25,0.3,0.3,0.3,0.35,0.35,0.4,,,0.5,0.55,0.55,0.6,0.6,,0.7,,0.75,0.75,0.8,0.85,0.85,0.9,0.95,1.05,1.1,1.05,1.2,1.25,1.3,1.35,1.24,1.45,1.5,1.55,1.45,,1.55,1.62,1.8,1.85,1.75,2.0,2.12,2.05,2.3,2.3,2.23,,2.41,,,,2.77,2.59,2.95,2.75,3.1,3.28,3.25,,3.5,3.68,3.88,,3.92,4.3,4.15,4.63,4.6,4.78,4.7,5.3,5.3,5.71,5.88,6.72,6.64,7.0,7.8,8.55,9.0,10.05,10.57,11.9,12.92,14.7,16.18,18.98,20.58,23.31,27.35,31.15,36.7,41.8,48.92,57.9,68.39,84.5,95.9,,128.0,,,,,,,,,,,,,,,,,,,,,,,,,,,,,,,2960.36,3165.19,,3956.69
2024-12-04,,,,,,0.03,,,,,0.03,,,,0.05,0.07,0.05,0.05,0.05,0.05,0.07,,0.07,,0.1,0.1,0.1,0.1,0.1,,0.15,0.15,0.15,0.15,0.2,,0.15,,0.2,0.25,0.25,0.35,0.25,0.3,0.35,0.3,0.3,0.35,0.42,,,0.45,0.5,0.5,0.55,0.6,0.6,0.65,0.7,0.8,0.75,,0.8,,0.95,1.1,0.85,,1.25,1.15,1.2,1.25,1.35,1.35,1.45,1.5,1.55,1.8,1.65,1.75,1.8,1.8,2.0,1.8,2.15,1.85,2.2,,2.47,2.2,2.7,2.7,2.7,2.92,3.0,2.62,3.0,,3.3,3.5,3.44,3.74,3.71,3.81,4.1,4.41,4.39,4.73,4.92,5.3,5.64,6.09,6.72,7.45,8.2,9.43,10.64,12.55,14.68,17.35,21.23,25.83,31.84,39.88,50.1,64.18,78.45,,113.68,,167.16,,,,,,,419.9,,,,,,,,,918.48,,1110.3,,,,,,,,,2911.15,,,3908.5
2024-06-28,,,,,,,0.25,,0.5,0.81,,,1.9,,2.8,3.1,3.4,3.9,4.2,4.91,5.55,5.75,6.3,,7.0,,7.87,,8.8,,,10.3,10.8,,11.6,11.7,12.31,12.4,13.1,,14.3,,14.14,15.3,15.65,16.2,,,18.0,18.2,,19.43,20.2,20.39,21.45,,23.05,,23.28,25.7,26.45,,,28.3,30.0,32.1,,33.07,36.7,36.3,38.8,40.97,42.1,44.3,45.55,44.6,50.54,52.5,56.87,56.57,60.84,61.45,68.8,67.1,72.84,76.55,80.22,83.85,89.3,95.27,96.1,96.7,102.76,,117.41,116.8,130.45,138.4,140.75,143.9,159.5,151.45,168.34,,201.5,,215.72,223.8,249.01,244.8,,,,,,,,,,,,,,,,,,,600.5,,,,,,,,,882.7,,,,,1075.4,,,,1366.48,,,,,2149.47,,,,,,,,,
2024-07-16,,,,,,,0.15,,0.4,,0.82,1.05,1.55,1.75,,,2.6,2.91,3.4,,4.3,,4.7,,5.2,,5.9,,6.7,,,8.1,,,9.0,9.1,9.49,,9.9,10.2,10.5,,11.1,,,12.4,12.5,,13.2,,13.9,,15.1,15.7,16.1,,17.3,,18.69,18.8,19.6,,20.8,21.8,22.6,23.3,24.28,25.08,25.89,,27.9,29.18,30.0,,33.55,33.85,36.15,37.7,38.89,40.2,42.0,44.1,46.15,48.2,49.75,52.57,54.41,,59.6,64.97,66.1,68.75,71.7,75.55,78.99,84.2,86.9,92.8,95.9,102.45,106.07,111.92,120.15,124.07,129.0,137.79,145.0,,159.33,170.51,185.12,191.29,201.43,217.9,223.4,,254.7,272.62,,,311.0,,,,,,,,457.09,,,,,,,,,727.91,,,,,920.16,,,,,,,,,,,,,,,,,,
2024-09-11,,,,,,,0.2,0.3,0.55,,0.9,1.67,1.65,2.2,2.5,2.5,,3.0,3.3,4.45,,4.5,4.7,5.0,5.3,5.6,5.9,6.3,6.5,6.8,7.5,7.7,8.3,8.5,8.8,9.1,9.3,9.6,9.62,10.45,10.0,10.9,10.7,11.5,11.9,12.3,12.9,13.2,13.6,15.25,13.93,15.1,14.98,16.3,16.13,17.9,17.38,18.02,18.65,20.3,20.15,33.4,31.5,35.7,24.8,25.8,26.9,28.4,29.3,30.6,30.1,33.6,35.0,34.84,,40.1,39.9,64.87,42.9,46.91,47.63,75.1,84.1,83.2,61.8,64.4,69.96,75.0,70.52,85.47,78.3,104.14,88.32,92.9,101.06,115.78,112.9,131.21,123.7,170.9,137.7,211.87,157.0,158.9,167.43,181.59,202.1,,245.0,,,,284.45,,,334.45,401.99,,,,405.84,,,,,,,,,,,,,776.5,,,,,,,,,,,,,,,,,,,,2542.96,2755.14,,,,3528.46,,
2024-09-30,,,,,,,0.1,,,,0.52,0.76,,1.22,1.42,,,2.0,2.3,2.56,3.2,,3.45,3.4,3.8,,4.1,4.3,4.9,5.2,5.1,5.8,5.8,5.9,6.1,6.3,6.5,,7.2,7.4,7.4,7.4,7.6,7.8,,8.7,9.1,9.2,9.5,9.66,9.6,10.4,10.15,11.0,11.3,11.6,12.56,11.64,12.8,13.2,12.8,,14.6,15.1,15.0,16.3,15.9,17.0,17.1,18.8,19.7,19.5,21.3,20.4,23.0,24.0,24.3,24.09,27.5,28.9,28.1,29.2,30.0,34.7,33.2,38.42,36.65,,42.9,45.8,44.3,,50.45,57.45,59.11,,62.39,,72.99,72.13,76.87,,83.23,97.8,95.7,101.39,121.42,110.3,116.0,123.9,130.43,167.0,148.56,,171.96,183.03,202.1,,222.43,,246.0,,285.08,,,,,,,,,,,,,,,,,,,,,,,,,,,,,,,,,,,,,,
2024-10-01,,,,,,,0.2,,,,0.7,,,,1.7,,2.52,,3.1,3.52,3.94,3.9,3.84,4.5,4.88,,5.4,5.9,5.95,6.95,7.0,6.94,7.9,8.1,8.0,8.5,8.8,8.7,,8.56,9.7,9.7,9.9,10.2,10.66,,11.7,,12.3,,12.3,,13.3,,14.2,,16.09,,,16.52,16.9,17.2,17.9,18.69,18.18,,22.9,21.0,21.9,20.85,23.44,24.29,26.09,26.5,,32.3,30.5,31.4,36.4,32.79,34.26,37.0,37.97,,39.5,45.75,43.7,,47.89,56.5,57.4,64.9,63.87,65.58,66.14,73.57,77.97,83.32,78.37,83.65,94.83,93.05,102.1,103.0,116.48,120.11,127.6,127.5,134.13,142.25,157.6,167.57,179.73,,196.09,212.7,219.7,,229.9,,279.87,,,,,,,,470.99,,,,563.45,,,,,,,,833.61,,,,,,1225.15,,,,,,,,,,,,3403.38,,
2024-10-10,,,,,,,0.15,0.17,0.3,0.42,0.58,0.8,1.17,,1.55,,2.05,,,3.1,3.5,3.8,,4.1,,,5.0,5.3,,,6.2,,7.0,,,,7.9,8.1,8.3,8.2,8.71,8.9,8.8,,9.5,9.8,9.91,,10.6,10.71,11.0,11.2,11.4,,,,,,14.0,,14.6,,15.4,,16.4,17.0,,18.1,18.2,,,,20.85,,23.4,23.6,24.9,,,27.2,28.0,,32.38,33.71,33.5,,35.67,38.5,39.68,41.55,44.24,,47.72,52.72,55.42,55.02,57.6,64.11,66.14,70.5,71.39,79.09,81.47,,88.23,94.4,99.92,105.56,112.1,121.82,130.1,136.0,142.53,150.2,157.97,,183.4,,215.93,,,259.2,279.02,,309.62,,,,376.15,,,,464.75,,,,,,,,,,,,,,,,,,,,,,,,,,,,
2024-10-24,,,,,,,0.1,0.1,,0.15,0.3,,,,0.7,0.9,,1.15,1.26,1.68,1.7,1.81,,2.12,2.57,,2.75,,2.9,3.3,3.4,,4.0,3.9,4.0,,4.3,,,,4.71,,5.1,,5.4,6.04,,,6.0,,7.0,,6.8,6.9,,,7.73,,8.4,8.8,8.7,,9.5,,9.9,,10.9,,11.4,11.6,,,12.65,,14.0,14.6,15.85,15.7,16.76,18.17,18.1,,21.3,21.2,21.6,,23.9,28.0,26.82,29.3,29.7,33.45,33.0,35.2,36.9,41.2,41.9,50.55,48.13,49.45,53.5,64.25,61.28,67.97,69.69,75.2,76.8,91.1,87.6,95.72,101.8,113.7,116.96,130.3,140.85,149.64,152.25,167.82,175.85,204.7,206.88,,239.1,,,,,,,,,,,,,,,,,,,,,,,,,,,,,,,,,,,,,,
2024-07-02,,,,,,,,0.35,,,,,,2.02,2.3,2.75,3.0,3.4,3.9,4.4,4.89,5.2,5.5,,6.2,,6.97,7.34,7.73,8.2,,9.2,9.81,,10.43,,11.08,,11.6,,12.3,,,13.5,,,14.82,,15.7,,,,17.95,,19.4,19.8,20.6,,22.04,23.4,24.0,24.3,,26.3,27.5,,31.6,,32.25,33.7,35.15,,38.3,,,43.24,45.18,47.41,49.4,51.69,54.13,56.71,59.37,62.5,65.4,68.41,72.02,75.33,79.6,83.5,87.45,92.15,95.51,,107.27,,117.3,133.21,130.21,146.68,144.6,153.32,158.52,,178.15,,199.05,,219.0,247.5,261.0,,,,,,,,,,,,,,,,,,,,,,693.48,,,,,,,,,,,,,,,,,1756.82,,,,,2730.47,,,,,,
2024-08-27,,,,,,,,0.3,,,,,,1.9,,2.4,2.75,3.1,4.0,,,4.5,4.8,,5.5,5.8,6.1,6.4,6.8,7.2,7.6,8.1,8.6,8.8,9.1,9.3,9.6,9.9,10.2,10.4,10.55,11.1,11.4,12.3,12.1,12.5,12.7,13.3,13.7,14.1,14.6,15.0,15.4,16.0,16.5,16.9,17.6,18.2,18.9,19.5,19.9,20.8,21.6,22.4,23.2,24.0,25.0,25.8,26.8,27.8,28.9,30.84,31.2,32.4,33.7,35.0,36.5,38.0,39.6,41.2,42.4,44.8,,,50.93,54.9,55.3,60.0,60.68,,65.89,74.43,72.63,,79.88,85.9,88.14,,101.3,104.8,110.3,,120.82,125.6,132.58,140.9,147.85,157.7,166.4,175.6,186.5,,219.4,,,,,283.0,323.9,,,360.7,,,419.62,,,,,,,,598.67,,,,,,,,,,,,,,,,,,,,,,,,,3245.32,,,
2024-08-28,,,,,,,,0.35,0.45,,1.0,,,1.85,2.05,2.65,3.04,3.1,4.2,4.7,,5.5,5.2,5.14,6.6,7.0,7.4,7.8,8.3,8.7,9.3,9.7,8.3,10.5,10.9,9.1,11.49,9.7,9.9,10.3,12.7,10.8,11.2,13.9,14.0,12.2,15.3,15.9,16.2,13.9,14.1,14.8,18.39,15.8,20.35,16.7,20.99,17.9,18.5,21.3,23.7,20.6,21.3,22.3,27.04,24.0,27.43,28.8,31.11,27.8,35.75,,36.56,31.8,39.7,41.4,42.9,44.8,46.6,48.5,50.2,52.2,54.7,56.13,56.7,61.13,63.82,64.68,71.72,73.94,76.73,87.07,81.63,87.24,93.45,95.8,98.45,103.09,110.6,122.35,125.62,,131.1,,154.13,156.8,163.34,,188.97,214.0,207.5,,,,,,296.0,295.1,,,343.49,,,,421.13,,,,,,,,,,,,,,,,,,,,,,,,,,,,,,,,,,3502.8,,
2024-10-08,,,,,,,,0.25,,,0.7,1.05,,,2.05,,,2.86,3.1,3.8,3.91,4.35,4.45,4.7,5.11,5.4,5.74,6.1,6.4,6.9,6.9,7.5,7.84,8.1,8.3,8.5,8.7,8.9,9.0,9.4,9.7,9.9,10.1,10.4,10.6,10.8,11.1,11.55,11.7,11.88,12.1,12.85,12.99,13.3,13.45,14.1,14.55,15.0,15.33,15.33,15.9,16.5,16.88,17.9,,18.54,19.8,,20.4,,22.25,,23.3,,25.3,,26.8,,28.9,30.15,32.1,35.81,36.0,36.0,37.19,39.4,42.15,,45.75,47.9,48.7,51.46,53.62,63.0,63.99,63.68,65.69,74.97,72.51,76.93,82.1,84.57,89.08,101.09,100.1,107.7,109.5,117.83,123.18,129.9,138.5,152.6,158.0,,183.4,,198.14,,224.59,,270.59,,,,,,390.45,,,,459.83,,,,,,,699.05,,,,,,,,,1189.35,,,,,,,,,,,,3382.76,3585.01,
2024-10-28,,,,,,,,0.01,,0.15,0.25,0.4,,0.65,0.75,,,1.12,1.2,1.46,1.65,,1.8,,2.1,,2.4,,2.75,2.9,3.1,3.2,3.5,,3.68,,4.0,3.94,,4.3,4.5,,4.7,5.05,4.96,,5.2,,5.7,5.54,6.1,6.1,6.2,,6.65,,7.2,,7.38,8.05,8.0,8.3,8.7,9.1,8.95,,10.2,10.1,10.2,,,,12.5,12.75,,13.57,14.41,,15.83,15.8,17.4,,19.53,20.96,20.36,,22.19,23.4,25.53,26.6,28.4,,31.75,,35.1,37.7,39.95,42.5,43.77,46.2,50.53,52.6,57.65,59.7,65.45,68.9,74.7,79.28,84.9,91.0,93.5,103.9,111.29,116.0,127.58,133.8,148.15,160.04,171.6,,199.15,209.8,224.02,,,,,,348.69,,,,442.04,,,,,626.81,,,,,,,,,1122.0,,,,,,,,,,,,,,4101.93
2024-11-05,,,,,,,,0.05,,0.15,0.18,0.25,0.34,,,,0.7,,1.16,1.3,1.5,1.75,,,2.17,1.9,2.45,,2.75,3.17,3.1,3.28,3.6,3.0,3.2,4.0,3.8,,4.0,,4.35,4.2,4.6,4.3,4.96,,5.4,5.5,5.5,5.8,5.83,6.1,6.3,6.5,6.6,6.8,7.0,7.2,7.4,7.6,7.4,8.0,8.2,8.5,8.28,9.0,9.19,9.5,9.4,10.2,10.5,10.7,11.2,11.6,11.46,12.5,12.36,13.5,13.7,14.5,14.3,16.0,16.8,17.3,18.27,19.35,19.4,20.4,22.28,24.1,24.6,27.13,27.7,31.0,32.12,35.4,36.79,41.74,43.0,45.93,49.4,55.04,55.78,63.7,68.8,72.8,77.0,85.2,86.0,97.25,104.0,115.94,119.28,127.0,143.88,,160.89,,188.79,,224.94,,,277.76,317.51,,361.96,,,431.11,,,,,551.52,,,,,,,,,,,,,,,,,,,,,,,,,,
2024-11-08,,,,,,,,0.05,,,0.1,,0.1,0.1,0.15,0.05,0.2,0.17,0.25,0.25,0.25,0.35,0.35,,0.5,0.5,0.57,0.6,0.65,0.7,0.75,0.85,0.95,1.0,1.0,1.0,1.05,1.2,1.2,1.2,1.27,,1.35,,1.61,,1.7,,1.75,,1.85,,2.1,2.2,,2.15,,,2.65,2.75,2.68,2.95,3.0,3.1,3.25,,,,3.5,3.6,3.8,3.8,4.25,4.4,4.6,4.7,4.9,4.7,5.2,5.4,5.5,5.8,5.7,6.2,6.5,6.7,7.0,6.9,7.6,7.8,8.51,8.7,9.1,9.49,10.4,10.58,11.8,12.09,13.0,14.11,14.66,15.65,16.9,18.55,19.7,21.0,23.2,24.13,26.34,29.3,32.0,34.24,36.85,40.35,45.48,49.0,56.0,62.44,68.57,78.2,86.25,96.0,109.77,,130.0,152.76,170.8,,,,,,,,,,,470.45,,,,,,,,,,,,,,,1963.63,,2360.03,,,2957.78,,,
2024-06-26,,,,,,,,,0.6,0.82,1.15,1.6,,2.47,2.8,3.2,,,4.7,,5.91,,6.6,,,,,,,,,11.0,11.8,,,,13.25,,13.66,,14.8,,,,,17.1,17.65,,18.3,,19.7,20.8,21.0,,22.85,,24.37,25.6,26.5,27.4,28.42,29.5,30.6,31.8,31.6,34.0,35.0,36.8,38.2,40.1,39.82,43.5,44.6,47.3,49.3,49.95,52.56,54.62,57.29,59.8,62.4,65.57,70.2,73.5,72.92,79.65,83.7,86.98,90.17,95.03,100.56,106.2,110.67,114.85,121.01,128.9,132.48,136.0,142.67,154.8,164.5,174.8,178.47,191.0,199.78,215.7,226.21,234.63,242.09,,,287.16,,,329.46,,,,,,438.65,,,,,,,,,,,,,,,,,,,,,,,,,,,,,,,,2333.72,,,,,,,,
2024-10-17,,,,,,,,,0.25,0.35,,0.6,,,1.15,1.2,1.4,,1.95,2.2,2.4,2.6,2.82,2.9,3.12,3.33,3.45,,3.97,4.1,4.4,4.6,4.86,,,,,,5.6,,6.05,6.29,6.28,6.43,6.7,,7.3,7.2,7.5,,7.7,8.2,8.11,,8.8,8.9,9.0,,9.5,9.8,10.3,10.4,10.7,11.12,11.25,11.9,11.9,12.4,12.65,13.1,13.6,14.0,14.35,15.0,15.32,16.0,16.6,17.6,18.2,18.45,19.05,20.2,21.0,22.3,22.78,24.3,24.7,26.6,27.4,29.2,30.2,31.7,34.0,,37.36,,41.0,44.02,45.14,47.21,51.2,54.92,57.0,61.0,64.8,69.0,74.42,78.96,83.62,89.6,93.0,95.9,107.07,116.0,124.03,125.7,135.0,,156.15,169.62,180.19,,,,,,,,,,,,,,,,,,,,,,,,,,,,,,,,,,,,,,3274.17,,4066.77
2024-10-21,,,,,,,,,0.15,0.25,0.3,,,0.65,0.75,1.05,1.0,1.25,1.35,1.8,1.8,2.0,2.1,2.2,2.6,,2.65,,3.0,3.32,3.68,3.55,4.2,4.0,4.1,,4.3,4.5,4.67,,4.8,4.9,5.1,,5.42,6.23,6.0,5.9,6.1,6.9,,6.7,7.0,,7.17,,7.46,,7.8,8.1,8.45,,8.98,9.15,9.9,9.7,10.5,10.4,10.5,,,11.9,11.99,,13.3,13.5,14.3,14.7,15.45,17.0,16.2,,17.8,20.52,19.8,22.54,23.33,,24.05,25.45,27.0,28.46,28.6,31.2,32.29,37.5,36.0,39.13,42.2,43.0,46.0,48.7,53.6,56.0,58.4,64.1,68.0,78.66,75.7,91.7,86.6,92.3,102.81,108.72,119.83,130.0,132.59,142.37,154.04,177.25,186.6,,,229.1,,,281.28,,,,,,,,,,,609.04,,,,,808.05,,,,,,,,,,,,,,,,,,
2024-11-06,,,,,,,,,0.05,0.05,0.15,0.15,0.15,0.15,0.2,0.2,0.3,0.33,0.53,0.5,0.51,0.6,0.7,0.8,0.8,,1.0,,1.2,1.2,1.5,1.55,1.6,1.65,1.5,1.6,1.69,,2.15,2.15,2.1,1.95,2.0,2.0,2.4,,2.65,2.55,2.75,2.4,,3.0,3.1,3.0,2.9,3.2,3.3,3.2,3.3,3.5,3.8,3.6,4.3,3.8,4.3,4.05,4.2,4.5,4.7,4.62,4.7,5.0,5.46,5.4,5.8,5.53,6.2,5.98,6.4,7.03,7.15,7.56,7.5,7.94,8.12,8.15,9.12,9.25,10.06,10.9,11.36,12.2,12.8,13.33,14.52,15.3,16.32,17.67,18.79,20.36,21.2,23.56,25.61,27.9,29.5,31.4,35.88,35.36,40.22,45.7,46.46,53.19,57.19,62.3,66.32,76.92,82.31,90.32,97.7,116.7,123.24,135.0,160.39,,199.42,,248.49,,,,,,,,,,,,,,,,,,,,,,1232.1,,,,2036.25,,,,,,,,4023.45
2024-11-11,,,,,,,,,0.05,,0.05,,0.1,0.1,0.1,,0.14,0.15,,,0.2,,0.29,0.32,0.35,0.35,0.45,0.45,0.5,0.5,0.6,0.65,0.7,0.75,0.75,0.8,0.9,0.85,0.9,0.95,1.05,1.05,1.1,1.15,1.25,1.3,1.35,1.45,1.5,,1.56,1.7,1.7,1.75,1.8,1.9,1.9,2.05,,2.2,2.33,2.45,2.45,2.65,2.7,2.85,,2.92,3.1,3.3,3.25,3.52,3.69,3.9,4.0,4.1,4.2,4.4,4.6,,4.75,,5.1,5.4,5.43,,6.1,6.1,6.83,6.7,7.4,7.7,8.2,8.65,8.9,9.7,10.2,11.1,11.78,12.4,13.1,13.38,15.36,16.26,17.69,19.57,21.05,22.75,24.5,26.67,29.77,31.86,35.04,38.77,43.08,46.69,51.96,59.0,64.74,72.23,81.34,93.6,104.8,117.1,131.68,,160.28,,201.45,,,,,,,,415.65,,,,,,,,,,,,,,,,,,,,,2942.9,3146.62,3346.74,3937.25
2024-11-13,,,,,,,,,0.05,0.05,,,,0.05,,,,0.1,0.15,0.13,0.23,,0.28,,0.3,0.3,0.3,0.35,0.4,0.4,0.45,0.5,0.55,0.55,0.6,0.6,0.65,0.7,0.7,0.75,0.77,0.8,0.8,0.85,0.9,0.95,0.95,1.0,1.0,1.1,1.15,1.15,1.2,1.3,1.3,1.35,1.42,1.5,1.5,1.75,1.8,,2.22,2.3,1.95,1.95,2.05,2.2,2.15,2.3,2.4,,2.7,2.77,2.88,2.9,3.1,,3.2,3.3,3.68,3.6,4.05,4.88,4.2,5.19,,,5.25,5.09,5.7,5.8,6.4,6.5,7.0,7.27,7.85,8.1,9.0,9.96,10.6,12.05,12.5,13.5,14.3,15.6,17.6,18.32,22.2,23.05,26.84,27.69,31.02,33.8,39.5,44.1,49.83,55.7,62.57,71.5,80.45,86.2,103.1,,131.33,,164.93,,203.4,,,,,,,,,,,,,,,729.32,,,,,,,,,,,,,,,,,
2024-11-15,,,,,,,,,0.05,,,0.1,,0.15,0.14,,,,0.35,0.4,,0.5,,,0.65,0.7,0.7,0.7,0.7,0.7,0.9,0.95,1.0,1.05,1.1,1.15,1.4,1.2,1.55,1.3,1.32,1.75,1.8,1.85,1.7,2.0,1.8,1.8,1.95,2.0,2.05,2.1,2.17,2.2,2.35,2.45,2.55,2.6,2.7,2.8,2.85,3.0,3.1,3.3,3.4,3.5,3.6,3.7,3.75,4.0,4.0,4.3,4.3,4.6,4.7,4.9,5.1,5.2,5.4,5.5,5.75,6.0,6.3,6.5,6.76,7.1,7.5,7.9,8.3,8.8,9.17,10.0,10.46,11.4,11.7,13.1,14.0,15.6,17.17,17.54,19.0,20.85,22.75,24.97,26.8,30.7,33.12,37.2,38.84,45.0,47.5,53.8,58.97,68.7,79.0,85.5,92.0,110.2,114.85,134.4,141.86,151.49,175.76,207.11,226.69,247.22,,,318.1,,,,,,,505.05,,597.76,,,,,,,,1002.53,1099.28,1195.21,,,,,2077.99,,,2695.7,,,,,4083.97
2024-11-18,,,,,,,,,0.05,,,,,,,0.1,0.1,,0.2,,,0.3,0.3,,0.36,0.35,0.44,0.4,0.45,0.5,0.5,0.55,0.65,0.65,0.65,0.7,0.7,0.75,0.75,0.8,0.85,0.85,0.97,0.95,0.95,1.05,1.05,1.1,1.15,1.2,1.3,1.35,1.35,1.55,1.45,1.7,1.7,1.65,1.75,1.8,1.9,1.95,2.2,,2.32,,2.6,3.1,2.7,2.85,,,3.03,,3.3,3.56,3.52,4.1,4.1,,4.2,,4.7,4.9,5.13,,5.7,5.84,6.06,6.7,6.5,7.4,8.15,8.0,8.8,9.65,10.2,11.8,12.88,13.65,14.0,16.35,17.62,19.81,21.4,23.65,26.62,29.1,33.37,37.07,39.49,46.18,50.0,57.32,61.8,70.8,78.56,89.6,99.38,118.36,130.39,142.24,161.91,176.7,200.29,,242.72,,285.7,,,,378.48,,,478.81,,,,,,724.05,,,,,1078.32,,,,,,2070.57,,,,,3067.38,,,4063.92
2024-11-21,,,,,,,,,0.05,0.05,,,,,,,,,0.22,,,,,0.35,0.5,0.5,0.55,0.5,0.6,0.65,0.8,0.8,0.95,0.9,1.1,1.1,1.0,1.05,1.25,1.3,1.27,1.45,1.3,1.45,1.45,1.45,1.5,1.55,1.65,,1.7,1.8,2.0,2.0,2.2,,,,2.2,2.45,2.36,,2.48,2.6,2.87,,3.1,,3.55,,3.76,3.4,4.06,,4.1,4.4,4.57,,4.5,,5.15,,5.7,5.33,5.86,6.1,6.22,6.2,6.76,6.8,7.01,,8.1,8.7,9.9,9.4,10.1,10.2,11.66,12.45,13.26,14.47,14.6,16.58,18.1,19.8,21.2,22.9,25.6,27.75,31.4,35.3,40.1,46.69,47.8,51.43,62.05,67.3,77.76,87.12,98.91,,121.84,137.11,158.93,176.65,,,,,279.15,,,,395.0,478.9,,563.9,,,,,,,,,,,,,,,2010.87,,,,,,3235.47,,4002.17
2024-11-22,,,,,,,,,0.05,0.05,,,0.05,0.05,,,0.15,0.17,0.2,0.25,0.31,,,0.3,0.3,0.35,0.4,0.35,0.45,0.5,0.55,0.6,0.65,0.7,0.7,0.7,0.75,0.8,0.85,0.9,0.95,1.0,1.0,1.05,1.05,1.15,1.2,1.25,1.25,1.2,1.4,1.7,1.65,,,1.75,,2.0,,2.4,1.95,2.2,2.8,2.32,2.5,,3.01,,3.1,,,3.4,3.1,,3.6,,3.99,,,,4.0,,4.95,5.2,4.7,,5.03,5.55,5.38,6.2,6.22,,6.72,7.2,7.2,7.5,8.31,,8.9,9.9,10.0,10.85,11.59,13.2,13.5,14.74,16.22,17.9,19.57,21.8,24.6,26.65,29.75,33.72,36.65,41.93,51.4,53.45,61.7,70.38,80.1,92.0,105.25,126.07,143.51,168.5,,,,,278.96,,326.51,,,416.0,,520.8,,590.16,,,,,,,,,1218.28,,,,,,,,2810.47,3002.26,3212.87,,4005.88
2024-06-27,,,,,,,,,,0.8,,1.5,,,2.75,,,3.9,,5.0,5.9,,6.3,6.8,7.21,,8.12,8.7,,,10.09,,11.6,12.0,12.4,12.7,13.2,13.5,13.8,14.3,14.27,15.3,15.6,,16.0,17.1,17.6,18.1,17.9,,,,20.6,21.58,22.7,,24.1,,25.45,,27.65,28.05,28.8,,31.66,,33.6,,36.4,37.9,38.7,,43.2,44.57,,48.42,50.79,,,59.1,60.3,62.5,67.01,67.76,71.0,75.11,77.95,,87.43,91.8,96.3,,107.25,,118.57,126.2,126.17,,142.45,,157.88,164.0,177.4,,192.92,207.42,,,232.49,,,277.3,292.51,,,,357.56,,,,429.4,,,,,,,,,,,,,,,,,,,,,,,,,,,,,,,,,,,,,,,,
2024-07-26,,,,,,,,,,0.75,,,,2.25,2.85,3.0,,4.3,4.7,5.5,6.1,6.0,6.76,,7.4,,8.49,,9.65,,,,11.7,,,12.9,13.3,,14.0,,15.0,15.5,16.0,16.95,17.0,,18.2,18.8,19.4,20.0,,20.57,22.7,21.9,24.25,23.9,25.78,28.27,27.41,28.83,29.5,30.9,30.52,33.3,34.33,37.95,,41.1,40.7,46.2,44.3,45.25,45.0,50.3,51.55,54.9,57.4,58.8,62.8,61.15,67.89,70.87,73.27,79.45,80.42,83.95,89.3,95.8,102.2,,106.86,112.45,118.71,122.3,130.93,138.9,147.91,151.1,170.1,168.0,180.52,190.28,199.6,204.9,214.5,232.1,236.8,246.76,269.66,,,,328.48,,363.4,,,,,,450.0,,,,,,,,,,,,,,,,,,,,,,,,,,1393.16,,,,,,,,,,,,,,
2024-10-09,,,,,,,,,,0.42,0.57,0.81,1.17,,1.5,1.8,,,2.7,,3.4,3.7,4.0,4.1,4.45,4.8,5.1,5.2,5.6,6.0,6.2,6.7,6.9,7.1,7.2,7.5,7.9,7.9,8.2,8.4,8.4,8.7,9.04,9.4,9.6,9.6,10.1,10.4,10.3,10.63,10.8,11.2,11.8,12.1,12.5,12.8,12.75,13.5,13.8,14.3,14.57,14.7,15.5,15.7,16.1,16.5,17.1,17.5,18.37,19.2,19.8,,21.25,21.0,22.77,23.82,23.4,24.65,27.0,27.65,28.12,28.5,30.04,32.53,32.5,36.75,36.79,38.28,39.07,44.18,43.25,46.05,47.9,,52.59,,57.1,63.3,66.0,66.8,71.37,76.17,77.95,85.41,88.0,92.06,103.0,104.2,111.4,115.09,121.8,132.9,141.0,147.39,158.44,,175.9,,200.2,,238.95,253.8,,,,,,,,,,,,,,,,,,,,,,,,,,,,,,,,,,,,,,3555.72,
2024-10-25,,,,,,,,,,0.15,0.35,,,0.57,0.65,,,1.04,1.23,1.91,2.17,,,,2.78,,2.3,3.35,3.42,3.9,3.22,4.25,3.65,,4.9,4.0,5.0,3.9,4.4,4.4,5.6,,5.6,4.8,5.0,,,,7.13,,7.5,,6.1,,,,8.51,,7.6,,9.9,,9.7,,10.43,,11.41,,12.9,,,,15.2,15.68,15.0,14.1,15.9,18.35,14.02,,19.24,,,18.75,25.21,19.4,22.2,27.5,30.61,25.2,32.6,26.18,37.74,29.67,40.9,42.9,46.68,49.6,53.49,55.5,59.17,62.38,65.45,68.31,74.89,63.37,84.41,83.91,94.87,98.56,102.76,109.79,123.5,128.77,140.0,152.64,160.5,143.81,175.54,,190.46,,243.61,,259.76,,,,327.95,,,,,,,,600.85,,,,,,,,,,1134.79,,,,,,,,,,,3128.53,3317.53,,
2024-11-14,,,,,,,,,,0.05,0.05,,,,,,,,,,0.2,,,0.35,0.25,0.35,0.35,0.5,0.5,0.5,0.5,0.6,0.7,0.65,0.65,0.65,0.7,0.7,0.75,0.75,1.05,0.85,0.95,0.9,1.13,0.97,0.95,1.05,1.4,1.3,1.1,1.15,1.5,1.45,1.3,1.35,1.68,1.45,1.75,1.8,2.0,1.65,2.2,1.85,2.0,,2.3,2.35,2.4,2.35,2.45,2.7,2.53,2.8,2.7,2.85,3.3,3.1,3.6,,3.85,,3.9,,3.93,,5.0,,5.19,5.45,5.87,5.9,6.12,6.87,7.58,7.7,8.68,,10.25,10.6,12.05,12.22,13.07,14.65,16.0,17.98,20.6,22.1,25.0,26.82,29.7,33.22,38.65,42.05,45.12,52.66,58.59,63.65,76.38,84.0,98.12,92.25,124.55,129.5,,171.94,174.2,,236.1,,,,,,,420.1,,,,,,,,,,,,,1208.0,,,,,,,,,2986.5,3181.51,,4009.06
2024-11-19,,,,,,,,,,0.05,0.05,0.05,0.05,0.15,0.05,0.15,0.2,0.15,0.2,0.25,0.25,0.3,0.3,0.35,0.4,0.35,0.5,0.45,0.5,0.5,0.55,0.6,0.65,0.75,0.75,0.75,0.8,0.9,0.9,0.95,1.0,1.0,1.05,1.1,1.15,1.2,1.25,1.3,1.45,1.4,1.45,1.5,1.6,1.65,1.7,1.75,1.85,1.9,2.0,2.05,2.15,2.25,2.35,2.45,2.5,2.6,2.7,2.83,2.9,3.5,3.18,3.7,3.35,3.8,3.5,3.83,3.86,3.9,5.05,5.3,4.8,5.5,5.1,6.1,5.63,5.48,5.49,6.0,6.81,6.9,7.3,9.2,8.4,8.57,8.88,9.05,10.12,11.38,12.5,13.2,13.86,15.7,16.65,18.95,20.1,22.4,22.7,27.72,31.01,33.79,37.52,41.52,46.5,52.34,58.04,66.3,73.32,81.86,91.31,135.5,115.41,,144.82,,186.2,,226.51,,,,,,,,,468.0,,,,,,,774.16,,,,,,,,,,,,2458.86,,,,,,
2024-07-03,,,,,,,,,,,0.92,,,,,2.65,3.02,,3.9,,4.9,,5.3,5.8,6.25,,7.0,,7.58,,,,9.87,,10.1,10.7,,,,,11.9,12.3,,,13.4,,14.75,,15.15,,16.05,,17.77,18.3,19.04,,19.81,,21.3,,22.65,24.4,,,27.29,,,,31.4,,34.75,,36.5,,39.62,41.32,43.46,46.64,47.6,51.45,51.4,54.93,57.0,60.49,61.97,,69.12,73.67,74.9,78.65,83.1,,91.52,98.03,103.49,108.63,111.3,,128.15,134.9,138.7,146.54,154.36,,168.89,,193.05,196.4,206.9,218.4,239.76,,,281.98,,,319.06,,,,391.5,,,,,,,,,,,,,,,,,,,,,,,,,,1319.19,,,1708.49,,,,,,,3065.83,,,,
2024-10-22,,,,,,,,,,,0.25,,,0.65,,,,1.1,1.2,,1.5,1.7,,2.05,2.38,,,,2.8,,3.21,,3.9,4.0,4.12,4.0,3.9,4.0,,4.7,4.6,,4.6,5.3,5.2,,5.8,,5.76,6.3,5.85,,7.0,,,,7.2,,8.15,,8.1,,9.3,,8.8,8.85,,,9.8,,10.66,,11.25,12.8,,14.42,13.29,14.4,14.0,15.0,15.6,,17.36,17.7,18.96,22.0,20.94,,23.5,23.81,24.75,,28.24,32.58,30.83,33.7,35.44,37.09,39.37,42.76,44.2,48.35,51.5,53.57,58.1,62.3,71.2,69.56,74.37,80.77,86.21,90.9,98.6,106.9,113.43,121.07,130.8,,152.44,,180.85,,212.85,225.6,244.35,,,,343.15,,381.01,,,,,,,,,,,,,,,,1097.45,,,,,,,,,,,,,,
2024-11-27,,,,,,,,,,,0.07,0.07,,0.15,0.07,0.1,,0.15,0.15,0.15,0.19,,0.15,0.2,0.2,0.2,0.25,0.35,0.3,0.3,0.4,0.4,0.45,0.45,0.45,0.45,0.5,0.55,0.55,0.6,0.6,0.6,0.85,0.7,0.7,,0.85,0.8,0.85,0.9,1.05,1.0,1.35,1.2,1.15,1.2,1.25,1.4,1.45,1.45,1.45,1.5,1.7,1.8,1.7,1.8,2.35,1.95,2.0,,2.35,2.4,2.3,2.65,2.7,2.75,2.65,2.75,3.02,,3.2,,3.69,,3.42,,3.59,4.17,3.88,,4.11,4.5,4.3,5.0,5.2,5.4,5.4,5.8,5.51,6.2,6.51,6.52,7.5,7.41,7.95,8.8,9.26,10.5,11.4,12.4,14.14,16.21,17.0,20.4,22.86,25.6,29.73,34.7,41.0,48.7,56.68,68.22,79.1,105.5,109.09,134.26,,,,,,,,,,,,482.46,,,,,,,,,,,,,,,,,,,,2973.3,3157.24,,3971.41
2024-11-29,,,,,,,,,,,0.08,0.05,0.05,,0.07,0.12,0.15,,0.1,0.1,,,,,0.17,0.15,0.15,,0.2,0.25,0.3,,0.3,0.3,,0.3,0.35,,,,0.4,0.45,0.45,0.5,0.5,0.5,0.5,,0.6,0.6,0.65,0.7,0.7,0.75,0.8,0.85,1.05,0.9,1.05,,1.0,,,1.25,1.45,1.35,1.3,1.4,1.45,1.5,1.55,1.6,1.73,,,,2.3,2.25,2.3,2.12,2.2,,,,2.85,,,,2.75,,3.3,3.1,3.6,3.6,3.53,,3.68,4.1,4.17,4.5,4.4,5.2,5.16,5.34,5.75,6.5,6.7,7.18,8.1,8.7,9.7,11.2,12.32,14.08,15.7,18.0,21.0,24.38,29.1,33.9,40.6,48.67,57.5,69.07,83.56,95.39,114.69,,,,,,,,,,,446.58,,,,,,,,,,1049.62,,,,,,,,,,,,,
2024-12-11,,,,,,,,,,,0.03,,,,,,,,,,,,,,,,0.05,,,0.05,0.1,,,,,0.05,0.05,,0.1,,0.1,,0.1,0.1,0.1,0.1,0.1,0.1,0.1,0.1,0.1,0.15,0.15,0.15,0.15,0.15,0.2,0.2,0.25,0.2,0.2,0.25,0.25,0.25,0.3,0.3,0.3,0.35,0.35,,0.35,,0.4,,0.45,,0.5,0.6,0.59,,0.65,0.65,0.75,0.75,0.8,0.8,0.8,,0.85,,0.97,0.95,0.95,,1.06,1.15,1.1,,1.45,1.42,1.35,1.56,1.45,1.7,1.6,1.93,1.88,2.14,1.9,1.99,2.12,2.27,2.53,2.65,3.0,3.5,4.2,5.19,6.5,8.39,11.19,13.74,20.89,29.0,40.59,52.18,69.3,,112.69,,,,,,,,,,,,504.85,,,,,,,,,,,,,,,,,,,,
2024-09-10,,,,,,,,,,,,1.55,,2.35,2.61,2.97,,,4.0,5.0,5.0,5.2,5.7,6.0,6.3,6.7,7.7,7.4,7.8,8.15,8.7,9.3,10.9,10.7,10.5,10.56,11.1,11.4,11.8,12.2,12.3,14.3,13.0,,14.0,14.7,14.9,15.7,16.2,16.8,17.4,20.09,18.2,19.1,19.47,,21.4,21.76,22.65,24.2,24.5,26.1,27.3,27.7,34.9,30.4,32.5,,33.9,37.4,36.67,43.4,41.0,43.6,46.1,47.7,48.0,51.5,59.05,56.6,59.3,63.3,64.32,,71.9,75.5,79.4,83.4,87.03,92.1,95.1,102.95,105.47,,117.15,124.8,128.82,136.86,146.8,,162.53,,178.03,188.6,211.5,,220.62,,255.0,,,,,,,,,,,,459.09,,,,,,,,,,,,,,,,,,,,,,,,,,,,,,,,,2605.89,,,,,3591.34,,4392.99
2024-12-02,,,,,,,,,,,,0.05,0.05,0.05,0.05,0.05,0.05,,,,,,,0.1,0.1,0.1,0.1,0.1,0.1,0.15,0.15,0.15,0.2,0.2,0.2,0.2,0.2,0.25,0.25,0.25,0.25,0.3,0.3,0.3,0.35,0.35,0.35,0.35,0.4,0.45,0.45,0.45,0.5,0.5,0.55,0.55,0.6,0.65,0.65,0.7,0.75,0.75,0.85,0.9,0.95,1.0,1.05,1.0,1.05,1.1,1.1,1.25,1.2,1.32,1.24,,1.5,1.52,1.56,1.75,1.65,,1.87,,2.0,2.0,2.1,2.0,2.27,,2.54,2.45,2.6,2.6,2.83,2.93,3.08,3.1,3.25,3.5,3.7,3.78,4.0,4.23,4.41,4.9,5.21,5.6,6.0,6.92,7.4,8.1,9.0,10.95,12.25,14.01,16.7,19.78,22.3,28.08,31.8,41.8,47.0,58.5,70.77,88.69,104.8,,146.59,,,,247.37,,,,,445.47,,,,,,,,,,,1139.6,,,,,,,,,,3134.17,,
2024-12-05,,,,,,,,,,,,,0.05,,,0.1,,0.1,0.05,0.05,0.07,,0.07,,0.08,0.05,0.05,0.1,0.1,0.1,0.1,0.1,0.1,0.15,0.15,0.15,0.15,0.15,0.15,0.2,0.22,0.2,0.25,0.25,0.25,0.25,0.3,0.3,0.3,0.3,0.35,0.35,0.42,0.4,0.45,0.45,0.5,0.55,0.55,0.6,0.65,0.65,0.7,0.75,0.85,0.85,0.9,0.95,1.0,1.05,1.05,1.1,1.15,1.22,1.25,,1.5,,1.46,1.65,1.6,,1.8,1.85,1.9,,2.05,,2.1,2.35,2.39,2.48,2.5,2.54,2.57,,2.8,3.02,3.12,,3.1,3.19,3.43,3.6,3.6,3.71,3.93,4.09,4.28,4.8,5.03,5.6,6.12,6.47,7.8,8.5,10.4,11.97,14.6,16.8,21.7,26.58,32.68,42.15,53.88,60.49,78.47,93.9,,,155.9,,,,,,,394.51,,,,,,,,,903.32,,,,,,,,,,,2899.36,,3306.16,3896.86
2024-12-10,,,,,,,,,,,,,0.05,,,,,,0.06,,,,0.05,,,,0.1,,,,0.1,0.1,0.05,0.05,0.1,,0.1,0.1,0.1,0.1,0.12,0.1,,0.1,0.1,0.15,0.15,0.15,0.15,,0.15,0.15,0.2,0.2,,0.2,0.3,0.27,0.27,,0.33,,,,0.45,0.4,0.4,0.45,0.5,0.55,0.55,0.6,0.55,0.65,0.65,0.65,0.7,0.8,0.75,0.8,0.85,0.9,0.95,0.95,1.05,,1.05,,1.22,,,,1.47,1.45,1.51,1.65,1.65,1.85,1.7,,2.04,2.05,2.25,2.15,2.41,2.15,2.5,2.65,3.0,3.28,3.68,3.72,4.62,5.4,6.0,8.01,8.93,11.4,14.6,18.4,23.91,33.05,40.92,55.6,73.2,82.92,113.85,,134.0,,,,,,,,,428.27,,,555.83,,,,,,934.88,,,,,,,,,,,,3151.18,,
2024-12-17,,,,,,,,,,,,,0.05,,0.05,,,,0.03,,,,,,,,0.05,,,,,,,,,,,,,,0.05,,0.02,,0.05,,,,0.05,,0.03,0.06,0.05,,,,0.1,0.06,0.06,0.1,0.1,,,,0.1,,,,,,,,0.15,,0.2,0.2,0.2,0.2,0.2,0.25,0.25,,0.22,0.28,0.35,0.35,0.4,0.35,0.45,,,0.45,0.57,0.5,0.54,,0.65,,0.7,0.7,0.75,0.8,0.9,0.9,0.85,,1.15,,1.1,1.05,1.6,,1.6,,2.29,2.53,3.1,3.7,5.59,7.75,11.68,16.0,27.5,37.5,55.01,80.35,98.1,120.06,158.83,169.45,194.02,218.87,243.92,,,,,,,,,,,,,,940.0,,,,,,,2142.93,,2543.76,2744.48,,3144.29,,
2024-12-13,,,,,,,,,,,,,,,0.05,,,,,,,,,,,,,,,0.05,,,0.05,0.05,0.05,0.05,0.05,0.05,0.05,0.05,0.05,,,,,0.05,0.05,0.1,0.1,0.1,0.1,0.1,0.1,0.1,,0.15,0.1,,0.1,0.15,0.2,,,,0.15,,0.15,0.2,,,,0.25,0.25,,0.3,0.25,0.3,0.3,0.3,,0.35,0.3,0.35,0.4,0.4,0.45,0.45,0.55,0.45,0.52,0.59,0.55,0.57,0.75,0.64,0.8,0.55,0.75,0.8,1.0,0.75,0.9,0.8,0.8,0.9,1.1,0.95,1.1,1.1,1.35,1.3,1.45,1.55,1.8,2.15,2.6,3.42,4.4,6.1,8.7,12.7,18.5,27.9,37.15,57.15,79.85,96.52,,,,202.27,,,,,,,416.7,,,,,,,,,,,,,,,,,,,,,,,
2024-12-03,,,,,,,,,,,,,,,,,0.05,0.05,0.08,,0.09,0.1,0.08,,0.12,0.1,0.1,0.1,0.11,0.15,0.15,0.15,0.2,0.2,0.25,0.25,0.3,0.3,0.25,0.35,0.3,0.3,0.35,0.35,0.4,0.4,0.4,0.4,0.5,0.45,0.55,0.45,0.5,0.6,0.6,0.7,0.6,0.7,0.75,0.8,0.75,0.8,1.0,0.9,0.95,1.0,1.05,1.1,1.15,1.2,1.2,,1.35,1.4,,,1.4,1.64,1.85,,1.9,1.9,1.95,,2.25,2.1,2.19,,2.4,,2.65,2.37,2.7,2.9,2.93,,3.1,,3.1,3.48,3.5,3.68,4.17,4.16,4.5,,4.8,5.1,5.5,6.01,6.63,7.53,8.14,10.0,11.1,12.64,14.7,17.9,20.28,25.3,30.27,37.63,44.38,56.9,67.23,97.95,102.4,,,,,,,,,334.62,384.0,,,,,,,,,,935.97,,,,,,,,,,,,,,
2024-11-12,,,,,,,,,,,,,,,,,,,0.15,,0.2,,,0.3,0.35,0.35,0.4,0.45,0.5,0.55,0.6,0.6,0.7,0.7,0.75,0.8,0.8,0.85,0.9,0.9,1.0,1.05,1.05,1.15,1.15,1.25,1.3,1.35,1.4,1.45,1.5,1.55,1.6,1.65,1.75,1.8,1.9,,2.0,2.1,2.37,2.35,2.45,2.55,2.51,2.7,,2.95,2.89,3.37,3.2,3.4,3.4,3.6,3.8,3.9,4.0,4.1,4.3,4.5,4.7,4.8,5.0,5.2,5.4,5.6,5.7,6.1,6.4,6.7,6.86,7.4,7.7,8.1,8.77,9.2,10.05,10.25,11.07,11.81,13.0,13.7,14.9,16.75,17.38,20.05,20.54,21.92,24.62,28.17,29.25,31.04,35.41,39.42,44.1,49.11,53.67,61.37,66.87,76.6,84.52,91.5,105.8,,135.1,153.6,175.23,,195.4,,,,301.42,,,,,,,,,,,728.36,,,,,1180.43,,,,1980.81,,2378.39,,,2975.11,3157.69,,
2024-12-06,,,,,,,,,,,,,,,,,,,0.05,,0.05,,0.05,,0.05,,0.1,0.05,0.05,,0.12,,0.1,0.1,0.1,0.1,0.1,0.1,0.1,0.1,0.1,0.1,0.1,0.2,0.18,0.2,0.15,0.15,0.22,0.2,0.2,0.2,0.25,0.25,0.25,0.25,0.3,0.3,0.35,0.4,0.35,,0.35,0.4,0.5,0.45,,,0.5,0.55,0.65,,0.6,0.65,0.7,0.75,0.7,0.85,0.9,0.9,0.9,1.02,1.0,1.0,1.06,,1.12,1.25,1.22,,1.35,1.35,1.6,,1.73,1.5,1.64,1.75,1.8,2.09,2.03,,2.38,2.15,2.4,2.6,2.65,2.7,2.85,2.92,3.4,4.0,4.0,4.2,5.1,5.7,6.5,8.0,9.55,12.65,14.9,19.0,24.91,32.33,42.75,,69.0,87.85,113.76,,,,,,,,,390.84,,,,,,,,,902.74,,,,,,,2098.23,,,,2899.34,3096.23,3295.57,3897.24
2024-12-09,,,,,,,,,,,,,,,,,,,0.07,,0.05,,0.05,,0.05,,,,,0.05,,,,,0.1,0.1,0.1,0.1,0.1,0.1,0.1,0.1,0.1,0.15,0.15,0.15,0.1,0.25,0.2,0.2,,0.2,0.22,,0.25,0.25,0.28,0.25,0.3,0.3,0.3,0.35,0.35,0.4,0.4,0.4,0.4,0.45,0.47,0.55,0.5,0.55,0.55,0.6,0.6,0.65,0.7,0.7,0.75,0.75,0.8,0.85,0.85,0.9,0.95,0.95,,,1.16,1.2,1.25,1.42,1.35,,,,1.6,1.71,1.75,,1.9,,2.1,2.09,2.39,2.15,2.55,2.55,2.9,3.2,3.4,3.89,4.26,4.8,5.8,7.33,8.4,10.55,13.63,17.6,22.4,28.25,37.71,48.71,60.4,77.27,96.02,92.65,135.0,,,,,,,,,424.16,,,,,,684.62,,,922.4,,,,,,,,,,,,,,
2024-12-16,,,,,,,,,,,,,,,,,,,0.03,,0.05,,,,,,,,,,,,0.07,,,,0.05,,,,0.03,,0.05,,0.05,,,0.05,0.05,,,,,0.05,,,0.05,,0.1,,0.07,,0.1,,0.1,0.1,0.1,,0.15,,,,0.2,0.15,0.15,0.2,,,0.2,0.25,0.25,,0.3,0.3,0.25,0.3,0.3,0.3,0.4,0.35,0.4,0.3,0.4,0.45,0.55,0.5,0.65,0.55,0.52,,0.6,0.6,0.61,,0.8,0.75,0.85,0.95,1.0,0.95,1.15,1.23,1.47,1.25,1.91,2.0,2.6,3.21,4.3,5.75,7.9,10.5,17.5,26.7,39.6,53.83,74.8,,111.74,,166.0,,226.83,244.63,271.08,310.88,,419.22,,,,,,,,,913.73,,,1318.84,,,1919.33,,,,,2918.43,3109.93,,
2024-12-19,,,,,,,,,,,,,,,,,,,,,0.05,,,,0.05,,0.05,,,,0.05,0.05,0.05,0.05,0.05,0.06,0.05,0.08,0.05,0.05,0.03,0.05,0.05,0.05,0.02,0.05,0.05,0.05,0.05,0.05,0.05,0.05,0.05,0.05,0.1,0.2,0.05,0.12,0.15,0.05,0.05,,0.15,0.2,0.05,0.05,0.1,0.3,0.1,0.25,0.2,0.2,0.1,0.35,0.21,0.66,0.17,0.25,0.25,0.25,0.22,0.39,0.7,0.4,0.45,0.35,0.28,0.9,0.4,0.4,0.45,1.09,0.46,0.5,0.85,0.55,0.7,0.75,0.85,0.85,0.87,1.4,1.2,1.1,1.37,1.65,1.54,1.85,2.11,2.55,3.33,4.35,6.5,9.22,14.8,25.6,41.74,59.27,82.73,102.98,124.93,146.92,177.0,194.48,224.23,202.0,235.81,,,,,,,,,,,,,,,,,,,,,,1326.24,,1692.85,,2126.11,,,,,,3311.09,,
2024-12-12,,,,,,,,,,,,,,,,,,,,,,,,,,,,,,,,,,0.05,0.05,0.1,0.05,0.05,0.05,0.1,0.05,,,,0.05,,,,0.15,0.1,0.15,,0.1,0.1,0.1,0.1,0.15,0.1,0.1,0.15,0.17,0.15,0.15,0.15,0.2,0.2,,0.25,0.25,0.25,0.25,0.3,0.3,0.35,0.35,0.35,0.4,0.45,0.45,0.5,0.45,0.5,0.5,0.51,0.55,0.65,0.7,0.73,0.7,0.8,0.75,0.8,0.8,0.95,0.9,1.0,1.0,1.05,1.22,1.1,1.15,1.2,1.39,1.4,1.33,1.55,1.55,,1.65,1.7,1.9,2.12,2.22,2.32,2.76,3.6,4.6,5.61,8.12,10.12,15.1,20.49,30.27,38.03,58.02,69.9,78.9,,132.6,,,,,,,,,,,,,,,,,,,,,,,,,,2315.91,,,,,,
